t,loop_dt,cmd_ant_l,cmd_ant_r,pres_ant_l,pres_ant_r,pres_z,pres_roll,pres_pitch,pres_yaw
0.0000,0.000001,-0.349066,0.349066,-0.176408,0.173340,-0.001766,2.8843,1.2305,-0.1298
0.0168,0.016750,-0.348522,0.348522,-0.176408,0.173340,-0.001767,2.8785,1.2322,-0.1360
0.0335,0.016771,-0.346893,0.346893,-0.176408,0.173340,-0.001767,2.8785,1.2322,-0.1360
0.0503,0.016750,-0.344191,0.344191,-0.176408,0.173340,-0.001780,2.8406,1.2681,-0.0810
0.0670,0.016746,-0.340434,0.340434,-0.223961,0.220893,-0.001766,2.8831,1.2283,-0.1411
0.0838,0.016745,-0.335644,0.335644,-0.342078,0.340544,-0.001778,2.8671,1.1827,-0.0815
0.1005,0.016754,-0.329849,0.329849,-0.411107,0.408039,-0.001765,2.8311,1.3253,-0.0318
0.1173,0.016751,-0.323087,0.323087,-0.391165,0.385029,-0.001777,2.7851,1.3247,-0.0918
0.1340,0.016757,-0.315397,0.315397,-0.391165,0.385029,-0.001777,2.7851,1.3247,-0.0918
0.1508,0.016739,-0.306839,0.306839,-0.337476,0.334408,-0.001763,2.8284,1.2888,-0.1399
0.1675,0.016741,-0.297457,0.297457,-0.309864,0.306796,-0.001764,2.8239,1.2925,-0.1349
0.1842,0.016733,-0.287315,0.287315,-0.320602,0.316000,-0.001754,2.8741,1.2778,-0.0807
0.2010,0.016748,-0.276462,0.276462,-0.329806,0.323670,-0.001768,2.7916,1.2446,-0.1406
0.2178,0.016771,-0.264959,0.264959,-0.312932,0.309864,-0.001767,2.8002,1.2481,-0.1344
0.2345,0.016753,-0.252904,0.252904,-0.312932,0.309864,-0.001767,2.8002,1.2481,-0.1344
0.2513,0.016741,-0.240370,0.240370,-0.288388,0.288388,-0.001767,2.8380,1.3185,-0.0263
0.2680,0.016739,-0.227429,0.227429,-0.271515,0.273049,-0.001753,2.8727,1.2751,-0.0920
0.2847,0.016757,-0.214144,0.214144,-0.263845,0.265379,-0.001768,2.8305,1.3157,-0.0307
0.3015,0.016746,-0.200621,0.200621,-0.256175,0.251573,-0.001753,2.8735,1.2754,-0.1794
0.3182,0.016744,-0.186937,0.186937,-0.240835,0.234699,-0.001768,2.8304,1.3156,-0.0308
0.3350,0.016751,-0.173171,0.173171,-0.240835,0.234699,-0.001768,2.8304,1.3156,-0.0308
0.3517,0.016743,-0.159419,0.159419,-0.216291,0.216291,-0.001753,2.8735,1.2754,-0.1794
0.3686,0.016868,-0.145660,0.145660,-0.193282,0.199418,-0.001768,2.8304,1.3156,-0.0308
0.3854,0.016768,-0.132164,0.132164,-0.185612,0.185612,-0.001753,2.8735,1.2754,-0.0915
0.4021,0.016768,-0.118931,0.118931,-0.176408,0.167204,-0.001768,2.8304,1.3156,-0.0308
0.4189,0.016743,-0.106065,0.106065,-0.158000,0.148796,-0.001766,2.8349,1.3115,-0.0371
0.4356,0.016725,-0.093637,0.093637,-0.158000,0.148796,-0.001766,2.8349,1.3115,-0.0371
0.4523,0.016745,-0.081698,0.081698,-0.131922,0.128854,-0.001753,2.8730,1.2758,-0.1788
0.4691,0.016756,-0.070329,0.070329,-0.116583,0.115049,-0.001768,2.8305,1.3156,-0.0309
0.4859,0.016746,-0.059616,0.059616,-0.113515,0.113515,-0.001766,2.8349,1.3115,-0.0371
0.5026,0.016760,-0.049611,0.049611,-0.101243,0.101243,-0.001753,2.8730,1.2758,-0.0909
0.5194,0.016757,-0.040385,0.040385,-0.075165,0.075165,-0.001768,2.8305,1.3156,-0.0309
0.5361,0.016758,-0.031995,0.031995,-0.075165,0.075165,-0.001768,2.8305,1.3156,-0.0309
0.5529,0.016742,-0.024501,0.024501,-0.053689,0.052155,-0.001766,2.8349,1.3115,-0.1250
0.5696,0.016756,-0.017934,0.017934,-0.044485,0.044485,-0.001766,2.8349,1.3115,-0.0371
0.5864,0.016748,-0.012346,0.012346,-0.046019,0.046019,-0.001766,2.8349,1.3115,-0.1250
0.6031,0.016756,-0.007765,0.007765,-0.038350,0.036816,-0.001753,2.8730,1.2758,-0.0909
0.6199,0.016748,-0.004225,0.004225,-0.015340,0.018408,-0.001768,2.8305,1.3156,-0.1188
0.6366,0.016760,-0.001745,0.001745,-0.015340,0.018408,-0.001768,2.8305,1.3156,-0.1188
0.6534,0.016743,-0.000342,0.000342,-0.004602,0.004602,-0.001753,2.8735,1.2754,-0.0915
0.6701,0.016748,-0.000023,0.000023,-0.007670,0.004602,-0.001755,2.8690,1.2796,-0.0852
0.6869,0.016744,-0.000791,0.000791,-0.013806,0.012272,-0.001755,2.8690,1.2796,-0.0852
0.7036,0.016767,-0.002642,0.002642,-0.013806,0.012272,-0.001755,2.8690,1.2796,-0.0852
0.7204,0.016744,-0.005562,0.005562,0.006136,-0.003068,-0.001768,2.8309,1.3152,-0.0315
0.7371,0.016753,-0.009535,0.009535,0.003068,-0.001534,-0.001753,2.8734,1.2755,-0.1794
0.7539,0.016742,-0.014533,0.014533,-0.007670,0.007670,-0.001755,2.7898,1.2824,0.0212
0.7707,0.016776,-0.020540,0.020540,-0.007670,0.009204,-0.001768,2.8391,1.3149,-0.0425
0.7874,0.016747,-0.027495,0.027495,-0.006136,0.007670,-0.001753,2.8726,1.2755,-0.0903
0.8042,0.016771,-0.035377,0.035377,-0.006136,0.007670,-0.001753,2.8726,1.2755,-0.0903
0.8209,0.016749,-0.044116,0.044116,-0.016874,0.015340,-0.001755,2.8691,1.2796,-0.0853
0.8377,0.016754,-0.053670,0.053670,-0.030680,0.027612,-0.001768,2.8309,1.3152,-0.0314
0.8544,0.016747,-0.063973,0.063973,-0.032214,0.035282,-0.001766,2.8348,1.3115,-0.0371
0.8712,0.016760,-0.074973,0.074973,-0.030680,0.036816,-0.001766,2.8348,1.3115,-0.0371
0.8879,0.016744,-0.086582,0.086582,-0.044485,0.044485,-0.001766,2.8348,1.3115,-0.1249
0.9047,0.016751,-0.098743,0.098743,-0.044485,0.044485,-0.001766,2.8348,1.3115,-0.1249
0.9214,0.016754,-0.111379,0.111379,-0.069029,0.061359,-0.001766,2.8348,1.3115,-0.1249
0.9382,0.016757,-0.124411,0.124411,-0.088971,0.088971,-0.001781,2.8452,1.2599,-0.0913
0.9549,0.016747,-0.137747,0.137747,-0.093573,0.101243,-0.001765,2.8334,1.3173,-0.0308
0.9720,0.017104,-0.151603,0.151603,-0.104311,0.107379,-0.001767,2.8346,1.3113,-0.0371
0.9888,0.016743,-0.165311,0.165311,-0.133456,0.128854,-0.001767,2.8346,1.3113,-0.0371
1.0055,0.016755,-0.179087,0.179087,-0.133456,0.128854,-0.001767,2.8346,1.3113,-0.0371
1.0223,0.016753,-0.192832,0.192832,-0.156466,0.153398,-0.001740,2.7444,1.2599,-0.0383
1.0391,0.016765,-0.206474,0.206474,-0.159534,0.158000,-0.001756,2.8824,1.2812,-0.0907
1.0558,0.016748,-0.219902,0.219902,-0.165670,0.161068,-0.001755,2.8680,1.2790,-0.0853
1.0725,0.016721,-0.233028,0.233028,-0.193282,0.188680,-0.001768,2.8310,1.3153,-0.0314
1.0893,0.016743,-0.245806,0.245806,-0.227029,0.225495,-0.001753,2.8734,1.2754,-0.0915
1.1060,0.016770,-0.258161,0.258161,-0.227029,0.225495,-0.001753,2.8734,1.2754,-0.0915
1.1228,0.016755,-0.269983,0.269983,-0.234699,0.234699,-0.001768,2.8304,1.3156,-0.0308
1.1395,0.016741,-0.281202,0.281202,-0.228563,0.227029,-0.001754,2.7943,1.2782,0.0149
1.1563,0.016748,-0.291761,0.291761,-0.242369,0.234699,-0.001768,2.8386,1.3153,-0.0419
1.1730,0.016762,-0.301599,0.301599,-0.276117,0.274583,-0.001766,2.8340,1.3115,-0.0360
1.1898,0.016758,-0.310641,0.310641,-0.300660,0.300660,-0.001766,2.8340,1.3115,-0.0360
1.2066,0.016765,-0.318840,0.318840,-0.300660,0.300660,-0.001766,2.8340,1.3115,-0.0360
1.2233,0.016745,-0.326129,0.326129,-0.300660,0.300660,-0.001766,2.8340,1.3115,-0.0360
1.2401,0.016748,-0.332476,0.332476,-0.296058,0.292990,-0.001766,2.8340,1.3115,-0.0360
1.2568,0.016742,-0.337838,0.337838,-0.312932,0.311398,-0.001754,2.7939,1.2787,0.0155
1.2736,0.016757,-0.342187,0.342187,-0.339010,0.339010,-0.001755,2.7981,1.2821,0.0101
1.2903,0.016746,-0.345490,0.345490,-0.343612,0.340544,-0.001768,2.8382,1.3149,-0.0414
1.3071,0.016756,-0.347730,0.347730,-0.343612,0.340544,-0.001768,2.8382,1.3149,-0.0414
1.3238,0.016744,-0.348890,0.348890,-0.335942,0.331340,-0.001766,2.8341,1.3115,-0.0360
1.3406,0.016750,-0.348965,0.348965,-0.343612,0.342078,-0.001766,2.8341,1.3115,-0.0360
1.3573,0.016745,-0.347954,0.347954,-0.355884,0.351282,-0.001741,2.8325,1.2426,-0.0390
1.3741,0.016751,-0.345863,0.345863,-0.354350,0.349748,-0.001769,2.8347,1.3191,-0.0363
1.3908,0.016746,-0.342706,0.342706,-0.348214,0.346680,-0.001766,2.8344,1.3111,-0.0366
1.4076,0.016756,-0.338499,0.338499,-0.348214,0.346680,-0.001766,2.8344,1.3111,-0.0366
1.4243,0.016754,-0.333272,0.333272,-0.349748,0.349748,-0.001767,2.8345,1.3122,-0.0365
1.4411,0.016755,-0.327055,0.327055,-0.348214,0.349748,-0.001767,2.8345,1.3122,-0.0365
1.4578,0.016741,-0.319894,0.319894,-0.343612,0.342078,-0.001767,2.8345,1.3122,-0.0365
1.4746,0.016751,-0.311824,0.311824,-0.339010,0.335942,-0.001767,2.8345,1.3122,-0.0365
1.4914,0.016820,-0.302860,0.302860,-0.331340,0.328272,-0.001754,2.7939,1.2786,-0.0724
1.5081,0.016764,-0.293124,0.293124,-0.331340,0.328272,-0.001754,2.7939,1.2786,-0.0724
1.5249,0.016747,-0.282659,0.282659,-0.322136,0.320602,-0.001768,2.8387,1.3153,-0.0419
1.5416,0.016750,-0.271519,0.271519,-0.311398,0.311398,-0.001754,2.7934,1.2783,0.0161
1.5584,0.016753,-0.259773,0.259773,-0.303728,0.303728,-0.001768,2.8387,1.3153,-0.0420
1.5752,0.016761,-0.247491,0.247491,-0.288388,0.291456,-0.001753,2.8726,1.2754,-0.0904
1.5919,0.016752,-0.234760,0.234760,-0.288388,0.291456,-0.001753,2.8726,1.2754,-0.0904
1.6087,0.016751,-0.221655,0.221655,-0.273049,0.274583,-0.001755,2.8690,1.2796,-0.0853
1.6254,0.016744,-0.208263,0.208263,-0.260777,0.260777,-0.001768,2.8309,1.3152,-0.0314
1.6421,0.016750,-0.194655,0.194655,-0.248505,0.246971,-0.001753,2.8734,1.2755,-0.0915
1.6589,0.016746,-0.180926,0.180926,-0.231631,0.231631,-0.001768,2.8304,1.3156,-0.0308
1.6759,0.016983,-0.166962,0.166962,-0.210155,0.213223,-0.001754,2.7943,1.2782,0.0149
1.6926,0.016744,-0.153241,0.153241,-0.210155,0.213223,-0.001754,2.7943,1.2782,0.0149
1.7094,0.016745,-0.139652,0.139652,-0.188680,0.191748,-0.001755,2.7981,1.2821,0.0101
1.7261,0.016756,-0.126272,0.126272,-0.179476,0.176408,-0.001782,2.8490,1.2629,-0.0962
1.7429,0.016770,-0.113182,0.113182,-0.173340,0.165670,-0.001739,2.8309,1.2477,-0.0327
1.7596,0.016744,-0.100493,0.100493,-0.156466,0.148796,-0.001769,2.8348,1.3185,-0.0369
1.7765,0.016892,-0.088160,0.088160,-0.156466,0.148796,-0.001769,2.8348,1.3185,-0.0369
1.7933,0.016742,-0.076475,0.076475,-0.128854,0.127320,-0.001766,2.8344,1.3112,-0.0365
1.8100,0.016754,-0.065393,0.065393,-0.105845,0.107379,-0.001767,2.8345,1.3122,-0.0365
1.8268,0.016748,-0.054995,0.054995,-0.096641,0.096641,-0.001754,2.7939,1.2786,0.0155
1.8435,0.016754,-0.045338,0.045338,-0.092039,0.088971,-0.001768,2.8387,1.3153,-0.1298
1.8603,0.016751,-0.036487,0.036487,-0.076699,0.072097,-0.001754,2.7934,1.2783,-0.0718
1.8770,0.016770,-0.028487,0.028487,-0.076699,0.072097,-0.001754,2.7934,1.2783,-0.0718
1.8938,0.016752,-0.021405,0.021405,-0.050621,0.050621,-0.001755,2.7982,1.2821,0.0100
1.9105,0.016749,-0.015279,0.015279,-0.038350,0.039884,-0.001768,2.8382,1.3149,-0.0414
1.9273,0.016744,-0.010145,0.010145,-0.038350,0.038350,-0.001766,2.8341,1.3115,-0.0360
1.9441,0.016764,-0.006031,0.006031,-0.033748,0.030680,-0.001766,2.8341,1.3115,-0.0360
1.9608,0.016748,-0.002969,0.002969,-0.013806,0.013806,-0.001766,2.8341,1.3115,-0.0360
1.9776,0.016765,-0.000974,0.000974,-0.013806,0.013806,-0.001766,2.8341,1.3115,-0.0360
1.9943,0.016744,-0.000063,0.000063,-0.001534,0.004602,-0.001754,2.7939,1.2787,0.0155
2.0111,0.016748,-0.000237,0.000237,-0.004602,0.004602,-0.001768,2.8387,1.3153,-0.0419
2.0278,0.016729,-0.001494,0.001494,-0.010738,0.007670,-0.001766,2.8340,1.3115,-0.1239
2.0445,0.016750,-0.003830,0.003830,-0.004602,0.003068,-0.001764,2.7824,1.2289,-0.0190
2.0613,0.016749,-0.007228,0.007228,0.006136,-0.001534,-0.001754,2.8784,1.2845,-0.1898
2.0781,0.016778,-0.011677,0.011677,0.006136,-0.001534,-0.001754,2.8784,1.2845,-0.1898
2.0948,0.016749,-0.017133,0.017133,0.001534,0.001534,-0.001768,2.8299,1.3147,-0.0297
2.1116,0.016753,-0.023570,0.023570,-0.007670,0.006136,-0.001753,2.8735,1.2755,-0.0916
2.1283,0.016747,-0.030945,0.030945,-0.004602,0.006136,-0.001768,2.8304,1.3156,-0.1187
2.1451,0.016750,-0.039216,0.039216,-0.003068,0.007670,-0.001753,2.7854,1.2927,-0.0911
2.1618,0.016745,-0.048326,0.048326,-0.018408,0.019942,-0.001768,2.8396,1.3138,-0.0308
2.1786,0.016767,-0.058235,0.058235,-0.018408,0.019942,-0.001768,2.8396,1.3138,-0.0308
2.1953,0.016746,-0.068856,0.068856,-0.036816,0.033748,-0.001777,2.8223,1.2618,0.0163
2.2121,0.016749,-0.080137,0.080137,-0.041417,0.039884,-0.001765,2.8357,1.3171,-0.0420
2.2288,0.016741,-0.092000,0.092000,-0.036816,0.038350,-0.001767,2.8343,1.3113,-0.1238
2.2456,0.016747,-0.104381,0.104381,-0.047553,0.046019,-0.001753,2.8731,1.2759,-0.0910
2.2623,0.016743,-0.117195,0.117195,-0.073631,0.070563,-0.001768,2.8305,1.3156,-0.0309
2.2791,0.016758,-0.130378,0.130378,-0.073631,0.070563,-0.001768,2.8305,1.3156,-0.0309
2.2958,0.016749,-0.143829,0.143829,-0.101243,0.099709,-0.001766,2.8349,1.3115,-0.1250
2.3126,0.016749,-0.157471,0.157471,-0.105845,0.105845,-0.001766,2.8349,1.3115,-0.1250
2.3293,0.016742,-0.171214,0.171214,-0.105845,0.101243,-0.001753,2.8730,1.2758,-0.0909
2.3460,0.016746,-0.184980,0.184980,-0.121184,0.113515,-0.001755,2.7899,1.2824,0.0212
2.3629,0.016829,-0.198749,0.198749,-0.181010,0.182544,-0.001768,2.8391,1.3149,-0.0425
2.3796,0.016757,-0.212308,0.212308,-0.181010,0.182544,-0.001768,2.8391,1.3149,-0.0425
2.3964,0.016748,-0.225625,0.225625,-0.181010,0.182544,-0.001766,2.8340,1.3115,-0.0359
2.4131,0.016750,-0.238625,0.238625,-0.187146,0.184078,-0.001741,2.8325,1.2426,-0.0390
2.4299,0.016743,-0.251220,0.251220,-0.200951,0.199418,-0.001769,2.8347,1.3191,-0.0363
2.4467,0.016786,-0.263370,0.263370,-0.233165,0.234699,-0.001766,2.8344,1.3111,-0.0366
2.4634,0.016744,-0.274935,0.274935,-0.260777,0.260777,-0.001766,2.8344,1.3111,-0.0366
2.4802,0.016757,-0.285884,0.285884,-0.260777,0.260777,-0.001767,2.8345,1.3122,-0.1244
2.4969,0.016741,-0.296130,0.296130,-0.260777,0.260777,-0.001767,2.8345,1.3122,-0.0365
2.5136,0.016720,-0.305607,0.305607,-0.260777,0.256175,-0.001767,2.8345,1.3122,-0.0365
2.5303,0.016730,-0.314276,0.314276,-0.282252,0.282252,-0.001754,2.7939,1.2786,0.0155
2.5471,0.016739,-0.322081,0.322081,-0.314466,0.316000,-0.001755,2.8772,1.2793,-0.0964
2.5641,0.016970,-0.329057,0.329057,-0.322136,0.322136,-0.001768,2.8300,1.3152,-0.0303
2.5808,0.016745,-0.334972,0.334972,-0.322136,0.322136,-0.001768,2.8300,1.3152,-0.0303
2.5976,0.016748,-0.339890,0.339890,-0.314466,0.312932,-0.001766,2.8349,1.3115,-0.1251
2.6143,0.016743,-0.343777,0.343777,-0.314466,0.312932,-0.001766,2.8349,1.3115,-0.1251
2.6310,0.016748,-0.346612,0.346612,-0.345146,0.342078,-0.001753,2.8730,1.2758,-0.1788
2.6478,0.016746,-0.348376,0.348376,-0.348214,0.348214,-0.001768,2.8305,1.3156,-0.0309
2.6645,0.016756,-0.349057,0.349057,-0.343612,0.340544,-0.001780,2.8456,1.2594,-0.0919
2.6813,0.016740,-0.348652,0.348652,-0.343612,0.340544,-0.001780,2.8456,1.2594,-0.0919
2.6980,0.016741,-0.347164,0.347164,-0.349748,0.343612,-0.001765,2.8333,1.3173,-0.0307
2.7148,0.016747,-0.344600,0.344600,-0.355884,0.351282,-0.001754,2.7940,1.2781,0.0149
2.7317,0.016948,-0.340929,0.340929,-0.352816,0.351282,-0.001768,2.8387,1.3154,-0.0419
2.7485,0.016745,-0.336259,0.336259,-0.346680,0.345146,-0.001741,2.8320,1.2422,-0.0383
2.7653,0.016835,-0.330550,0.330550,-0.345146,0.343612,-0.001769,2.8347,1.3191,-0.0363
2.7820,0.016746,-0.323897,0.323897,-0.345146,0.343612,-0.001769,2.8347,1.3191,-0.0363
2.7988,0.016748,-0.316314,0.316314,-0.342078,0.340544,-0.001766,2.8344,1.3111,-0.1244
2.8155,0.016739,-0.307853,0.307853,-0.340544,0.335942,-0.001767,2.8345,1.3122,-0.0365
2.8323,0.016752,-0.298555,0.298555,-0.332874,0.329806,-0.001754,2.7939,1.2786,0.0155
2.8490,0.016745,-0.288488,0.288488,-0.320602,0.317534,-0.001768,2.8387,1.3153,-0.0419
2.8658,0.016755,-0.277707,0.277707,-0.320602,0.317534,-0.001768,2.8387,1.3153,-0.0419
2.8825,0.016743,-0.266290,0.266290,-0.303728,0.305262,-0.001766,2.8340,1.3115,-0.0360
2.8993,0.016742,-0.254304,0.254304,-0.292990,0.294524,-0.001766,2.8340,1.3115,-0.0360
2.9160,0.016741,-0.241822,0.241822,-0.283786,0.285320,-0.001754,2.7939,1.2787,0.0155
2.9328,0.016746,-0.228918,0.228918,-0.269981,0.268447,-0.001755,2.7981,1.2821,-0.0778
2.9495,0.016746,-0.215675,0.215675,-0.251573,0.250039,-0.001755,2.8768,1.2789,-0.1837
2.9662,0.016747,-0.202174,0.202174,-0.251573,0.250039,-0.001755,2.8768,1.2789,-0.1837
2.9830,0.016742,-0.188507,0.188507,-0.233165,0.234699,-0.001755,2.7895,1.2821,0.0217
2.9997,0.016743,-0.174751,0.174751,-0.220893,0.223961,-0.001755,2.7986,1.2817,0.0094
3.0165,0.016742,-0.160995,0.160995,-0.207087,0.211689,-0.001768,2.8382,1.3150,-0.0413
3.0332,0.016744,-0.147322,0.147322,-0.191748,0.194816,-0.001766,2.8341,1.3115,-0.0360
3.0500,0.016822,-0.133755,0.133755,-0.170272,0.171806,-0.001753,2.8731,1.2758,-0.0910
3.0668,0.016750,-0.120501,0.120501,-0.170272,0.171806,-0.001753,2.8731,1.2758,-0.0910
3.0835,0.016746,-0.107587,0.107587,-0.153398,0.150330,-0.001768,2.8305,1.3156,-0.0309
3.1003,0.016739,-0.095093,0.095093,-0.144194,0.141126,-0.001766,2.8349,1.3115,-0.0371
3.1170,0.016742,-0.083093,0.083093,-0.136524,0.136524,-0.001754,2.7938,1.2787,0.0156
3.1338,0.016742,-0.071661,0.071661,-0.116583,0.118117,-0.001768,2.8387,1.3153,-0.0419
3.1506,0.016809,-0.060827,0.060827,-0.087437,0.090505,-0.001753,2.8726,1.2754,-0.1783
3.1673,0.016762,-0.050733,0.050733,-0.087437,0.090505,-0.001753,2.8726,1.2754,-0.1783
3.1840,0.016699,-0.041445,0.041445,-0.072097,0.072097,-0.001768,2.8305,1.3156,-0.0309
3.2007,0.016711,-0.032975,0.032975,-0.069029,0.064427,-0.001754,2.7943,1.2782,0.0149
3.2175,0.016742,-0.025369,0.025369,-0.067495,0.061359,-0.001755,2.7981,1.2821,0.0101
3.2342,0.016743,-0.018690,0.018690,-0.049087,0.047553,-0.001755,2.7981,1.2821,0.0101
3.2511,0.016826,-0.012956,0.012956,-0.023010,0.029146,-0.001778,2.7885,1.3292,-0.0961
3.2678,0.016753,-0.008255,0.008255,-0.023010,0.029146,-0.001778,2.7885,1.3292,-0.0961
3.2846,0.016743,-0.004592,0.004592,-0.015340,0.016874,-0.001765,2.8393,1.3100,-0.0303
3.3013,0.016754,-0.001984,0.001984,-0.024544,0.018408,-0.001767,2.8340,1.3120,-0.0372
3.3181,0.016749,-0.000452,0.000452,-0.023010,0.018408,-0.001754,2.7939,1.2786,0.0156
3.3348,0.016747,-0.000004,0.000004,-0.006136,0.004602,-0.001768,2.8387,1.3153,-0.0419
3.3516,0.016764,-0.000644,0.000644,0.007670,-0.004602,-0.001754,2.7934,1.2783,0.0161
3.3683,0.016755,-0.002367,0.002367,0.007670,-0.004602,-0.001754,2.7934,1.2783,0.0161
3.3851,0.016806,-0.005172,0.005172,0.004602,-0.001534,-0.001755,2.8773,1.2793,-0.1843
3.4019,0.016733,-0.009021,0.009021,-0.007670,0.006136,-0.001769,2.8001,1.2300,-0.1209
3.4187,0.016867,-0.013941,0.013941,-0.003068,0.006136,-0.001766,2.8380,1.3204,-0.0369
3.4355,0.016755,-0.019832,0.019832,0.003068,0.001534,-0.001754,2.7935,1.2777,0.0155
3.4522,0.016754,-0.026687,0.026687,-0.004602,0.007670,-0.001755,2.7982,1.2822,0.0101
3.4690,0.016750,-0.034461,0.034461,-0.004602,0.007670,-0.001755,2.7982,1.2822,0.0101
3.4857,0.016743,-0.043104,0.043104,-0.019942,0.019942,-0.001768,2.8382,1.3149,-0.0414
3.5025,0.016752,-0.052569,0.052569,-0.024544,0.019942,-0.001754,2.7935,1.2783,0.0160
3.5192,0.016757,-0.062798,0.062798,-0.023010,0.021476,-0.001768,2.8387,1.3153,-0.0420
3.5360,0.016747,-0.073716,0.073716,-0.035282,0.033748,-0.001780,2.8448,1.2595,-0.0908
3.5527,0.016752,-0.085266,0.085266,-0.058291,0.058291,-0.001765,2.8334,1.3173,-0.1188
3.5695,0.016751,-0.097370,0.097370,-0.058291,0.058291,-0.001765,2.8334,1.3173,-0.1188
3.5862,0.016743,-0.109949,0.109949,-0.072097,0.072097,-0.001767,2.8346,1.3113,-0.0371
3.6030,0.016748,-0.122934,0.122934,-0.073631,0.072097,-0.001767,2.8346,1.3113,-0.0371
3.6197,0.016770,-0.136258,0.136258,-0.076699,0.073631,-0.001741,2.8324,1.2426,-0.0388
3.6366,0.016810,-0.149853,0.149853,-0.102777,0.099709,-0.001757,2.7941,1.2858,0.0157
3.6533,0.016763,-0.163564,0.163564,-0.134990,0.134990,-0.001768,2.8387,1.3146,-0.0420
3.6701,0.016780,-0.177358,0.177358,-0.134990,0.134990,-0.001768,2.8387,1.3146,-0.0420
3.6868,0.016743,-0.191104,0.191104,-0.148796,0.148796,-0.001754,2.7934,1.2784,0.0161
3.7036,0.016745,-0.204748,0.204748,-0.148796,0.145728,-0.001755,2.7982,1.2821,0.0100
3.7203,0.016754,-0.218211,0.218211,-0.161068,0.153398,-0.001755,2.7982,1.2821,0.0100
3.7371,0.016788,-0.231429,0.231429,-0.194816,0.185612,-0.001755,2.7982,1.2821,-0.0779
3.7539,0.016749,-0.244261,0.244261,-0.194816,0.185612,-0.001755,2.7982,1.2821,-0.0779
3.7707,0.016774,-0.256678,0.256678,-0.220893,0.220893,-0.001742,2.8363,1.2457,-0.0438
3.7874,0.016706,-0.268534,0.268534,-0.220893,0.220893,-0.001756,2.7937,1.2855,0.0163
3.8041,0.016768,-0.279849,0.279849,-0.217825,0.217825,-0.001755,2.7981,1.2814,-0.0779
3.8209,0.016749,-0.290494,0.290494,-0.242369,0.242369,-0.001742,2.8363,1.2457,-0.0438
3.8381,0.017174,-0.300660,0.300660,-0.279185,0.280718,-0.001779,2.8227,1.2689,-0.0703
3.8548,0.016749,-0.309779,0.309779,-0.279185,0.280718,-0.001779,2.8227,1.2689,-0.0703
3.8716,0.016756,-0.318059,0.318059,-0.292990,0.289922,-0.001765,2.8357,1.3163,-0.0422
3.8883,0.016764,-0.325449,0.325449,-0.285320,0.283786,-0.001754,2.7937,1.2782,0.0161
3.9051,0.016785,-0.331904,0.331904,-0.291456,0.289922,-0.001755,2.7981,1.2821,0.0100
3.9219,0.016754,-0.337367,0.337367,-0.320602,0.317534,-0.001768,2.8382,1.3149,-0.0414
3.9388,0.016955,-0.341861,0.341861,-0.339010,0.337476,-0.001766,2.8341,1.3115,-0.0360
3.9556,0.016748,-0.345253,0.345253,-0.339010,0.337476,-0.001766,2.8341,1.3115,-0.0360
3.9723,0.016755,-0.347583,0.347583,-0.339010,0.337476,-0.001766,2.8341,1.3115,-0.1239
3.9891,0.016747,-0.348834,0.348834,-0.331340,0.329806,-0.001754,2.7939,1.2787,0.0155
4.0058,0.016751,-0.349000,0.349000,-0.345146,0.343612,-0.001768,2.8387,1.3153,-0.0419
4.0226,0.016751,-0.348080,0.348080,-0.354350,0.348214,-0.001766,2.8340,1.3115,-0.0360
4.0393,0.016751,-0.346079,0.346079,-0.351282,0.345146,-0.001754,2.7939,1.2787,0.0155
4.0561,0.016750,-0.343009,0.343009,-0.351282,0.345146,-0.001754,2.7939,1.2787,0.0155
4.0728,0.016757,-0.338889,0.338889,-0.349748,0.349748,-0.001742,2.8367,1.2460,-0.0443
4.0896,0.016746,-0.333748,0.333748,-0.352816,0.349748,-0.001769,2.8342,1.3187,-0.0357
4.1064,0.016780,-0.327602,0.327602,-0.351282,0.346680,-0.001741,2.8325,1.2418,-0.0390
4.1231,0.016749,-0.320514,0.320514,-0.343612,0.340544,-0.001769,2.8347,1.3191,-0.0363
4.1399,0.016760,-0.312511,0.312511,-0.339010,0.337476,-0.001769,2.8347,1.3191,-0.0363
4.1566,0.016751,-0.303653,0.303653,-0.339010,0.337476,-0.001753,2.8730,1.2750,-0.0910
4.1734,0.016756,-0.293988,0.293988,-0.332874,0.329806,-0.001755,2.7899,1.2825,0.0212
4.1901,0.016746,-0.283586,0.283586,-0.325204,0.325204,-0.001755,2.7985,1.2817,0.0095
4.2071,0.017012,-0.272323,0.272323,-0.316000,0.316000,-0.001742,2.8362,1.2457,-0.0437
4.2239,0.016743,-0.260624,0.260624,-0.303728,0.302194,-0.001769,2.8343,1.3187,-0.0358
4.2406,0.016758,-0.248379,0.248379,-0.303728,0.302194,-0.001769,2.8343,1.3187,-0.0358
4.2574,0.016748,-0.235681,0.235681,-0.286854,0.288388,-0.001741,2.8325,1.2418,-0.0390
4.2741,0.016750,-0.222600,0.222600,-0.276117,0.277651,-0.001769,2.8347,1.3191,-0.0363
4.2909,0.016744,-0.209226,0.209226,-0.265379,0.266913,-0.001754,2.7939,1.2779,0.0155
4.3076,0.016749,-0.195632,0.195632,-0.253107,0.253107,-0.001768,2.8387,1.3154,-0.0419
4.3244,0.016746,-0.181908,0.181908,-0.236233,0.234699,-0.001766,2.8340,1.3115,-0.0360
4.3411,0.016768,-0.168120,0.168120,-0.236233,0.234699,-0.001766,2.8340,1.3115,-0.0360
4.3579,0.016745,-0.154392,0.154392,-0.196350,0.197884,-0.001768,2.8047,1.2267,-0.0393
4.3746,0.016757,-0.140779,0.140779,-0.196350,0.197884,-0.001768,2.8077,1.2355,-0.0390
4.3914,0.016744,-0.127387,0.127387,-0.176408,0.170272,-0.001753,2.8758,1.2838,-0.0907
4.4081,0.016754,-0.114280,0.114280,-0.156466,0.151864,-0.001742,2.8281,1.2455,-0.0333
4.4249,0.016747,-0.101555,0.101555,-0.130388,0.130388,-0.001770,2.8053,1.2335,-0.0396
4.4416,0.016758,-0.089275,0.089275,-0.130388,0.130388,-0.001770,2.8053,1.2335,-0.0396
4.4584,0.016732,-0.077544,0.077544,-0.115049,0.115049,-0.001780,2.8482,1.2680,-0.1789
4.4751,0.016750,-0.066405,0.066405,-0.108913,0.107379,-0.001765,2.8330,1.3164,-0.0308
4.4919,0.016744,-0.055943,0.055943,-0.099709,0.095107,-0.001767,2.8346,1.3114,-0.0371
4.5086,0.016760,-0.046209,0.046209,-0.099709,0.095107,-0.001767,2.8346,1.3114,-0.0371
4.5254,0.016745,-0.037283,0.037283,-0.056757,0.053689,-0.001754,2.7939,1.2787,0.0156
4.5421,0.016763,-0.029203,0.029203,-0.056757,0.053689,-0.001754,2.7939,1.2787,0.0156
4.5589,0.016747,-0.022036,0.022036,-0.042951,0.044485,-0.001768,2.8387,1.3153,-0.0419
4.5756,0.016750,-0.015817,0.015817,-0.044485,0.044485,-0.001768,2.8042,1.2263,-0.0387
4.5924,0.016748,-0.010587,0.010587,-0.038350,0.036816,-0.001766,2.8376,1.3208,-0.0363
4.6091,0.016754,-0.006377,0.006377,-0.019942,0.019942,-0.001754,2.7935,1.2777,0.0155
4.6259,0.016749,-0.003214,0.003214,-0.003068,0.006136,-0.001755,2.8773,1.2794,-0.0964
4.6426,0.016732,-0.001120,0.001120,-0.003068,0.006136,-0.001755,2.8773,1.2794,-0.0964
4.6594,0.016748,-0.000104,0.000104,-0.003068,0.003068,-0.001768,2.8300,1.3152,-0.0303
4.6761,0.016747,-0.000173,0.000173,-0.012272,0.010738,-0.001766,2.8349,1.3115,-0.0372
4.6928,0.016743,-0.001327,0.001327,-0.012272,0.006136,-0.001754,2.7938,1.2787,0.0156
4.7096,0.016753,-0.003560,0.003560,0.000000,-0.001534,-0.001755,2.7981,1.2821,-0.0778
4.7266,0.016960,-0.006906,0.006906,0.004602,-0.001534,-0.001742,2.8363,1.2457,-0.0438
4.7433,0.016760,-0.011263,0.011263,0.004602,-0.001534,-0.001742,2.8363,1.2457,-0.0438
4.7601,0.016751,-0.016636,0.016636,-0.001534,0.004602,-0.001769,2.8343,1.3187,-0.0358
4.7768,0.016750,-0.022991,0.022991,-0.009204,0.007670,-0.001768,2.8046,1.2259,-0.0394
4.7936,0.016748,-0.030289,0.030289,-0.003068,0.004602,-0.001766,2.8376,1.3208,-0.0362
4.8103,0.016750,-0.038486,0.038486,-0.006136,0.010738,-0.001754,2.7936,1.2777,0.0155
4.8271,0.016748,-0.047530,0.047530,-0.027612,0.026078,-0.001768,2.8387,1.3154,-0.0419
4.8438,0.016758,-0.057369,0.057369,-0.027612,0.026078,-0.001768,2.8387,1.3154,-0.0419
4.8606,0.016746,-0.067932,0.067932,-0.041417,0.041417,-0.001741,2.8320,1.2422,-0.0383
4.8773,0.016748,-0.079159,0.079159,-0.039884,0.042951,-0.001757,2.7942,1.2859,0.0157
4.8941,0.016742,-0.090976,0.090976,-0.042951,0.042951,-0.001755,2.7981,1.2813,0.0101
4.9108,0.016755,-0.103322,0.103322,-0.067495,0.061359,-0.001768,2.8382,1.3150,-0.0414
4.9277,0.016916,-0.116237,0.116237,-0.095107,0.093573,-0.001766,2.8341,1.3115,-0.0360
4.9445,0.016757,-0.129396,0.129396,-0.095107,0.093573,-0.001766,2.8341,1.3115,-0.0360
4.9612,0.016750,-0.142830,0.142830,-0.104311,0.105845,-0.001754,2.7939,1.2787,0.0155
4.9780,0.016749,-0.156461,0.156461,-0.102777,0.101243,-0.001755,2.7981,1.2821,-0.0778
4.9948,0.016764,-0.170216,0.170216,-0.113515,0.107379,-0.001755,2.8768,1.2789,-0.0958
5.0115,0.016756,-0.183993,0.183993,-0.139592,0.134990,-0.001768,2.8301,1.3153,-0.0304
5.0283,0.016765,-0.197718,0.197718,-0.174874,0.173340,-0.001768,2.8301,1.3153,-0.0304
5.0450,0.016756,-0.211290,0.211290,-0.174874,0.173340,-0.001777,2.8233,1.2617,0.0162
5.0618,0.016762,-0.224638,0.224638,-0.184078,0.182544,-0.001740,2.8336,1.2478,-0.0444
5.0787,0.016877,-0.237762,0.237762,-0.177942,0.176408,-0.001757,2.7940,1.2853,0.0163
5.0954,0.016767,-0.250405,0.250405,-0.191748,0.188680,-0.001755,2.7981,1.2814,0.0100
5.1122,0.016763,-0.262571,0.262571,-0.227029,0.222427,-0.001755,2.7981,1.2814,-0.0779
5.1290,0.016768,-0.274192,0.274192,-0.254641,0.256175,-0.001768,2.8382,1.3150,-0.0414
5.1457,0.016763,-0.285188,0.285188,-0.254641,0.256175,-0.001768,2.8382,1.3150,-0.0414
5.1625,0.016759,-0.295491,0.295491,-0.257709,0.260777,-0.001766,2.8341,1.3115,-0.0360
5.1792,0.016758,-0.305040,0.305040,-0.259243,0.256175,-0.001766,2.8341,1.3115,-0.0360
5.1960,0.016766,-0.313780,0.313780,-0.279185,0.276117,-0.001754,2.7939,1.2787,0.0155
5.2128,0.016759,-0.321647,0.321647,-0.305262,0.303728,-0.001768,2.8387,1.3153,-0.0419
5.2295,0.016726,-0.328585,0.328585,-0.305262,0.303728,-0.001768,2.8387,1.3153,-0.0419
5.2462,0.016734,-0.334569,0.334569,-0.314466,0.314466,-0.001754,2.7934,1.2783,0.0161
5.2630,0.016756,-0.339563,0.339563,-0.312932,0.309864,-0.001755,2.7982,1.2821,0.0100
5.2800,0.017038,-0.343588,0.343588,-0.319068,0.316000,-0.001768,2.8382,1.3149,-0.0414
5.2968,0.016762,-0.346484,0.346484,-0.339010,0.335942,-0.001753,2.8726,1.2755,-0.0904
5.3136,0.016827,-0.348313,0.348313,-0.346680,0.345146,-0.001768,2.8305,1.3156,-0.0309
5.3304,0.016762,-0.349049,0.349049,-0.346680,0.345146,-0.001768,2.8305,1.3156,-0.0309
5.3471,0.016760,-0.348697,0.348697,-0.343612,0.340544,-0.001754,2.7943,1.2782,0.0149
5.3639,0.016758,-0.347259,0.347259,-0.348214,0.343612,-0.001768,2.8386,1.3153,-0.0419
5.3807,0.016758,-0.344745,0.344745,-0.355884,0.351282,-0.001754,2.7934,1.2783,0.0161
5.3974,0.016749,-0.341172,0.341172,-0.354350,0.349748,-0.001768,2.8387,1.3153,-0.0420
5.4142,0.016771,-0.336555,0.336555,-0.348214,0.346680,-0.001766,2.8340,1.3115,-0.0360
5.4309,0.016755,-0.330932,0.330932,-0.348214,0.346680,-0.001766,2.8340,1.3115,-0.0360
5.4477,0.016759,-0.324333,0.324333,-0.346680,0.348214,-0.001766,2.8340,1.3115,-0.0360
5.4644,0.016750,-0.316805,0.316805,-0.345146,0.343612,-0.001766,2.8340,1.3115,-0.0360
5.4812,0.016772,-0.308379,0.308379,-0.340544,0.335942,-0.001766,2.8340,1.3115,-0.0360
5.4980,0.016752,-0.299128,0.299128,-0.335942,0.331340,-0.001741,2.8325,1.2426,-0.0390
5.5148,0.016794,-0.289076,0.289076,-0.322136,0.320602,-0.001741,2.8325,1.2426,-0.0390
5.5315,0.016752,-0.278334,0.278334,-0.322136,0.320602,-0.001757,2.7941,1.2858,0.0158
5.5483,0.016758,-0.266942,0.266942,-0.309864,0.309864,-0.001768,2.8387,1.3146,-0.0420
5.5650,0.016755,-0.254976,0.254976,-0.299126,0.300660,-0.001766,2.8340,1.3116,-0.0360
5.5818,0.016763,-0.242503,0.242503,-0.291456,0.292990,-0.001766,2.8340,1.3116,-0.1238
5.5985,0.016752,-0.229614,0.229614,-0.279185,0.277651,-0.001754,2.7939,1.2787,0.0155
5.6153,0.016771,-0.216368,0.216368,-0.279185,0.277651,-0.001754,2.7939,1.2787,0.0155
5.6321,0.016762,-0.202867,0.202867,-0.260777,0.259243,-0.001768,2.8387,1.3153,-0.0419
5.6488,0.016755,-0.189195,0.189195,-0.240835,0.242369,-0.001754,2.7934,1.2783,0.0161
5.6656,0.016754,-0.175433,0.175433,-0.228563,0.228563,-0.001768,2.8387,1.3153,-0.0420
5.6823,0.016755,-0.161664,0.161664,-0.211689,0.217825,-0.001754,2.7934,1.2783,0.0161
5.6991,0.016760,-0.147972,0.147972,-0.211689,0.217825,-0.001754,2.7934,1.2783,0.0161
5.7158,0.016752,-0.134451,0.134451,-0.193282,0.199418,-0.001755,2.7982,1.2821,0.0100
5.7326,0.016746,-0.121184,0.121184,-0.174874,0.177942,-0.001782,2.8490,1.2629,-0.0962
5.7493,0.016754,-0.108243,0.108243,-0.162602,0.158000,-0.001765,2.8330,1.3170,-0.0303
5.7661,0.016746,-0.095722,0.095722,-0.151864,0.145728,-0.001767,2.8346,1.3113,-0.0372
5.7831,0.017025,-0.083495,0.083495,-0.134990,0.134990,-0.001781,2.8452,1.2599,-0.0913
5.7999,0.016748,-0.072038,0.072038,-0.134990,0.134990,-0.001781,2.8452,1.2599,-0.0913
5.8166,0.016750,-0.061218,0.061218,-0.111981,0.115049,-0.001765,2.8334,1.3173,-0.0308
5.8334,0.016748,-0.051105,0.051105,-0.088971,0.092039,-0.001767,2.8346,1.3113,-0.0371
5.8501,0.016757,-0.041756,0.041756,-0.082835,0.078233,-0.001753,2.8730,1.2759,-0.0909
5.8669,0.016755,-0.033234,0.033234,-0.079767,0.075165,-0.001768,2.8305,1.3156,-0.0309
5.8839,0.017010,-0.025485,0.025485,-0.069029,0.065961,-0.001754,2.7943,1.2782,0.0149
5.9006,0.016760,-0.018785,0.018785,-0.069029,0.065961,-0.001754,2.7943,1.2782,0.0149
5.9174,0.016753,-0.013058,0.013058,-0.047553,0.049087,-0.001755,2.7981,1.2821,0.0101
5.9341,0.016753,-0.008337,0.008337,-0.026078,0.030680,-0.001768,2.8382,1.3149,-0.0414
5.9509,0.016764,-0.004649,0.004649,-0.027612,0.024544,-0.001766,2.8341,1.3115,-0.1239
5.9677,0.016771,-0.002020,0.002020,-0.027612,0.024544,-0.001766,2.8341,1.3115,-0.1239
5.9844,0.016764,-0.000469,0.000469,-0.024544,0.018408,-0.001753,2.7850,1.2931,-0.0905
6.0012,0.016755,-0.000003,0.000003,-0.006136,0.004602,-0.001768,2.8396,1.3138,-0.0309
6.0181,0.016859,-0.000632,0.000632,0.004602,0.000000,-0.001766,2.8339,1.3116,-0.0371
6.0348,0.016777,-0.002347,0.002347,0.003068,0.004602,-0.001754,2.7939,1.2787,0.0156
6.0516,0.016755,-0.005133,0.005133,-0.007670,0.004602,-0.001742,2.8367,1.2460,-0.0443
6.0684,0.016770,-0.008979,0.008979,-0.007670,0.004602,-0.001742,2.8367,1.2460,-0.0443
6.0851,0.016759,-0.013854,0.013854,-0.003068,-0.001534,-0.001769,2.8342,1.3187,-0.0357
6.1020,0.016859,-0.019770,0.019770,0.006136,0.000000,-0.001753,2.8731,1.2751,-0.0910
6.1188,0.016831,-0.026649,0.026649,-0.001534,0.007670,-0.001755,2.7899,1.2825,0.0212
6.1356,0.016762,-0.034424,0.034424,-0.019942,0.019942,-0.001768,2.8391,1.3149,-0.1304
6.1525,0.016949,-0.043174,0.043174,-0.027612,0.019942,-0.001766,2.8340,1.3115,-0.0359
6.1693,0.016763,-0.052652,0.052652,-0.027612,0.019942,-0.001766,2.8340,1.3115,-0.0359
6.1860,0.016748,-0.062881,0.062881,-0.027612,0.019942,-0.001753,2.8731,1.2758,-0.0910
6.2028,0.016765,-0.073816,0.073816,-0.026078,0.029146,-0.001755,2.7899,1.2824,0.0212
6.2197,0.016903,-0.085477,0.085477,-0.039884,0.047553,-0.001768,2.8391,1.3149,-0.0425
6.2365,0.016762,-0.097600,0.097600,-0.064427,0.070563,-0.001754,2.7934,1.2783,0.0161
6.2532,0.016747,-0.110189,0.110189,-0.087437,0.079767,-0.001755,2.7982,1.2821,-0.0779
6.2700,0.016768,-0.123197,0.123197,-0.087437,0.079767,-0.001755,2.7982,1.2821,-0.0779
6.2867,0.016755,-0.136514,0.136514,-0.087437,0.082835,-0.001755,2.7982,1.2821,0.0100
6.3035,0.016768,-0.150079,0.150079,-0.085903,0.093573,-0.001755,2.7982,1.2821,0.0100
6.3203,0.016765,-0.163793,0.163793,-0.107379,0.113515,-0.001755,2.7982,1.2821,0.0100
6.3370,0.016758,-0.177568,0.177568,-0.138058,0.139592,-0.001768,2.8382,1.3149,-0.0414
6.3539,0.016843,-0.191395,0.191395,-0.165670,0.161068,-0.001754,2.7935,1.2783,0.0160
6.3707,0.016806,-0.205086,0.205086,-0.165670,0.161068,-0.001754,2.7935,1.2783,0.0160
6.3874,0.016751,-0.218541,0.218541,-0.168738,0.165670,-0.001768,2.8387,1.3153,-0.0420
6.4042,0.016765,-0.231733,0.231733,-0.168738,0.168738,-0.001753,2.8726,1.2754,-0.0904
6.4209,0.016752,-0.244559,0.244559,-0.190214,0.190214,-0.001768,2.8305,1.3156,-0.0309
6.4377,0.016762,-0.256955,0.256955,-0.223961,0.222427,-0.001753,2.8735,1.2754,-0.0915
6.4545,0.016760,-0.268837,0.268837,-0.246971,0.245437,-0.001768,2.8304,1.3156,-0.0308
6.4712,0.016762,-0.280131,0.280131,-0.246971,0.245437,-0.001768,2.8304,1.3156,-0.0308
6.4879,0.016717,-0.290740,0.290740,-0.246971,0.245437,-0.001766,2.8349,1.3115,-0.0371
6.5047,0.016752,-0.300647,0.300647,-0.243903,0.243903,-0.001766,2.8349,1.3115,-0.0371
6.5215,0.016764,-0.309775,0.309775,-0.268447,0.269981,-0.001741,2.8324,1.2426,-0.0388
6.5382,0.016762,-0.318058,0.318058,-0.296058,0.296058,-0.001769,2.8347,1.3191,-0.1242
6.5554,0.017173,-0.325617,0.325617,-0.312932,0.308330,-0.001766,2.8344,1.3111,-0.0365
6.5722,0.016762,-0.332041,0.332041,-0.312932,0.308330,-0.001766,2.8344,1.3111,-0.0365
6.5889,0.016758,-0.337481,0.337481,-0.311398,0.306796,-0.001741,2.8325,1.2426,-0.0389
6.6057,0.016769,-0.341908,0.341908,-0.311398,0.311398,-0.001769,2.8347,1.3190,-0.0363
6.6225,0.016815,-0.345299,0.345299,-0.332874,0.331340,-0.001766,2.8344,1.3111,-0.0365
6.6393,0.016769,-0.347613,0.347613,-0.346680,0.342078,-0.001767,2.8345,1.3122,-0.0365
6.6564,0.017101,-0.348860,0.348860,-0.345146,0.340544,-0.001767,2.8345,1.3122,-0.0365
6.6731,0.016768,-0.348985,0.348985,-0.345146,0.340544,-0.001767,2.8345,1.3122,-0.0365
6.6899,0.016753,-0.348022,0.348022,-0.343612,0.342078,-0.001767,2.8345,1.3122,-0.0365
6.7067,0.016770,-0.345976,0.345976,-0.355884,0.349748,-0.001767,2.8345,1.3122,-0.0365
6.7235,0.016888,-0.342833,0.342833,-0.354350,0.349748,-0.001754,2.7939,1.2786,0.0155
6.7403,0.016761,-0.338661,0.338661,-0.348214,0.345146,-0.001782,2.8494,1.2633,-0.1846
6.7577,0.017382,-0.333254,0.333254,-0.346680,0.348214,-0.001765,2.8329,1.3169,-0.0302
6.7745,0.016759,-0.327033,0.327033,-0.346680,0.348214,-0.001765,2.8329,1.3169,-0.0302
6.7912,0.016755,-0.319862,0.319862,-0.345146,0.346680,-0.001768,2.8048,1.2261,-0.1278
6.8080,0.016755,-0.311786,0.311786,-0.342078,0.337476,-0.001754,2.7970,1.2876,0.0159
6.8254,0.017393,-0.302499,0.302499,-0.340544,0.334408,-0.001742,2.8364,1.2451,-0.0444
6.8422,0.016841,-0.292687,0.292687,-0.334408,0.329806,-0.001756,2.7937,1.2856,-0.0716
6.8590,0.016759,-0.282185,0.282185,-0.319068,0.319068,-0.001755,2.7981,1.2814,0.0100
6.8757,0.016764,-0.271007,0.271007,-0.319068,0.319068,-0.001755,2.7981,1.2814,0.0100
6.8925,0.016752,-0.259237,0.259237,-0.305262,0.305262,-0.001742,2.8363,1.2457,-0.0438
6.9092,0.016753,-0.246938,0.246938,-0.291456,0.294524,-0.001756,2.7937,1.2855,0.0163
6.9262,0.016940,-0.234044,0.234044,-0.283786,0.283786,-0.001782,2.8494,1.2626,-0.0968
6.9429,0.016760,-0.220913,0.220913,-0.273049,0.269981,-0.001752,2.7923,1.2838,0.0218
6.9598,0.016851,-0.207420,0.207420,-0.254641,0.253107,-0.001768,2.8388,1.3148,-0.0426
6.9765,0.016771,-0.193785,0.193785,-0.254641,0.253107,-0.001768,2.8388,1.3148,-0.0426
6.9933,0.016779,-0.180023,0.180023,-0.234699,0.234699,-0.001741,2.8320,1.2423,-0.0383
7.0101,0.016758,-0.166244,0.166244,-0.219359,0.222427,-0.001757,2.7942,1.2859,0.0157
7.0268,0.016753,-0.152522,0.152522,-0.208621,0.211689,-0.001755,2.7981,1.2813,-0.0778
7.0436,0.016756,-0.138933,0.138933,-0.194816,0.194816,-0.001768,2.8382,1.3150,-0.0414
7.0604,0.016774,-0.125552,0.125552,-0.173340,0.171806,-0.001754,2.7935,1.2783,0.0160
7.0771,0.016760,-0.112488,0.112488,-0.173340,0.171806,-0.001754,2.7935,1.2783,0.0160
7.0939,0.016756,-0.099814,0.099814,-0.151864,0.148796,-0.001755,2.7982,1.2821,0.0100
7.1107,0.016787,-0.087583,0.087583,-0.136524,0.136524,-0.001755,2.7982,1.2821,0.0100
7.1274,0.016719,-0.075942,0.075942,-0.128854,0.130388,-0.001755,2.7982,1.2821,0.0100
7.1441,0.016756,-0.064889,0.064889,-0.115049,0.115049,-0.001768,2.8382,1.3149,-0.0414
7.1609,0.016759,-0.054518,0.054518,-0.092039,0.092039,-0.001754,2.7935,1.2783,0.0160
7.1777,0.016754,-0.044897,0.044897,-0.092039,0.092039,-0.001754,2.7935,1.2783,0.0160
7.1944,0.016776,-0.036074,0.036074,-0.072097,0.070563,-0.001756,2.8474,1.1941,-0.0992
7.2112,0.016750,-0.028126,0.028126,-0.062893,0.061359,-0.001755,2.7926,1.2909,0.0220
7.2279,0.016758,-0.021087,0.021087,-0.062893,0.061359,-0.001778,2.8272,1.2642,0.0108
7.2447,0.016763,-0.015003,0.015003,-0.049087,0.050621,-0.001753,2.7946,1.2836,-0.0773
7.2615,0.016766,-0.009913,0.009913,-0.027612,0.030680,-0.001755,2.7980,1.2816,0.0106
7.2782,0.016757,-0.005852,0.005852,-0.027612,0.030680,-0.001755,2.7980,1.2816,0.0106
7.2950,0.016753,-0.002843,0.002843,-0.013806,0.013806,-0.001755,2.7976,1.2819,0.0106
7.3117,0.016755,-0.000903,0.000903,-0.015340,0.012272,-0.001755,2.7976,1.2819,0.0106
7.3286,0.016853,-0.000044,0.000044,-0.018408,0.016874,-0.001755,2.7976,1.2819,0.0106
7.3453,0.016752,-0.000279,0.000279,-0.009204,0.009204,-0.001755,2.7976,1.2819,-0.0773
7.3621,0.016770,-0.001602,0.001602,-0.009204,0.009204,-0.001755,2.7976,1.2819,-0.0773
7.3789,0.016761,-0.004003,0.004003,0.003068,-0.003068,-0.001755,2.8769,1.2789,-0.0958
7.3956,0.016759,-0.007466,0.007466,0.004602,-0.004602,-0.001755,2.7895,1.2821,0.0217
7.4124,0.016763,-0.011972,0.011972,-0.004602,0.003068,-0.001768,2.8391,1.3149,-0.0426
7.4292,0.016768,-0.017494,0.017494,-0.006136,0.006136,-0.001754,2.7934,1.2783,0.0161
7.4459,0.016765,-0.023995,0.023995,0.000000,0.004602,-0.001755,2.7982,1.2821,-0.0779
7.4627,0.016774,-0.031438,0.031438,-0.018408,0.016874,-0.001755,2.7982,1.2821,-0.0779
7.4795,0.016756,-0.039766,0.039766,-0.018408,0.016874,-0.001768,2.8382,1.3149,-0.0414
7.4962,0.016751,-0.048932,0.048932,-0.027612,0.024544,-0.001766,2.8341,1.3115,-0.1239
7.5130,0.016753,-0.058880,0.058880,-0.027612,0.024544,-0.001754,2.7939,1.2787,-0.0724
7.5297,0.016766,-0.069557,0.069557,-0.030680,0.027612,-0.001755,2.7981,1.2821,0.0101
7.5465,0.016759,-0.080885,0.080885,-0.049087,0.049087,-0.001755,2.7981,1.2821,0.0101
7.5633,0.016776,-0.092809,0.092809,-0.049087,0.049087,-0.001755,2.7981,1.2821,0.0101
7.5800,0.016778,-0.105244,0.105244,-0.075165,0.076699,-0.001741,2.7482,1.2630,-0.0433
7.5968,0.016754,-0.118094,0.118094,-0.081301,0.081301,-0.001757,2.8029,1.2837,0.0162
7.6135,0.016757,-0.131298,0.131298,-0.076699,0.075165,-0.001742,2.8358,1.2455,-0.0444
7.6303,0.016762,-0.144776,0.144776,-0.085903,0.084369,-0.001756,2.7938,1.2855,0.0163
7.6471,0.016774,-0.158449,0.158449,-0.118117,0.118117,-0.001755,2.7981,1.2814,0.0100
7.6639,0.016771,-0.172220,0.172220,-0.118117,0.118117,-0.001755,2.7981,1.2814,0.0100
7.6806,0.016755,-0.185992,0.185992,-0.151864,0.151864,-0.001742,2.8363,1.2457,-0.0438
7.6974,0.016747,-0.199687,0.199687,-0.161068,0.156466,-0.001756,2.7937,1.2855,0.0163
7.7141,0.016768,-0.213241,0.213241,-0.156466,0.154932,-0.001768,2.8387,1.3146,-0.0420
7.7309,0.016746,-0.226537,0.226537,-0.177942,0.181010,-0.001764,2.7437,1.2926,-0.0387
7.7478,0.016967,-0.239678,0.239678,-0.214757,0.219359,-0.001741,2.8419,1.2446,-0.0387
7.7649,0.017024,-0.252444,0.252444,-0.214757,0.219359,-0.001741,2.8419,1.2446,-0.0387
7.7816,0.016763,-0.264525,0.264525,-0.231631,0.228563,-0.001769,2.8337,1.3188,-0.0363
7.7984,0.016753,-0.276039,0.276039,-0.228563,0.222427,-0.001766,2.8345,1.3111,-0.0365
7.8151,0.016760,-0.286924,0.286924,-0.234699,0.233165,-0.001766,2.8345,1.3111,-0.0365
7.8319,0.016755,-0.297106,0.297106,-0.262311,0.257709,-0.001754,2.7939,1.2787,0.0155
7.8487,0.016766,-0.306530,0.306530,-0.286854,0.289922,-0.001754,2.7939,1.2787,0.0155
7.8654,0.016759,-0.315127,0.315127,-0.286854,0.289922,-0.001768,2.8387,1.3153,-0.0419
7.8822,0.016757,-0.322847,0.322847,-0.299126,0.297592,-0.001766,2.8340,1.3115,-0.0360
7.8989,0.016754,-0.329641,0.329641,-0.297592,0.292990,-0.001767,2.8838,1.2238,-0.1458
7.9157,0.016753,-0.335469,0.335469,-0.300660,0.300660,-0.001754,2.7888,1.2879,0.0269
7.9324,0.016747,-0.340292,0.340292,-0.326738,0.325204,-0.001768,2.8392,1.3143,-0.0431
7.9492,0.016775,-0.344090,0.344090,-0.326738,0.325204,-0.001768,2.8392,1.3143,-0.0431
7.9660,0.016750,-0.346824,0.346824,-0.346680,0.342078,-0.001754,2.7934,1.2784,0.0162
7.9827,0.016776,-0.348488,0.348488,-0.343612,0.337476,-0.001768,2.8387,1.3153,-0.0420
7.9995,0.016759,-0.349065,0.349065,-0.334408,0.334408,-0.001754,2.7934,1.2783,0.0161
8.0163,0.016770,-0.348554,0.348554,-0.334408,0.334408,-0.001754,2.7934,1.2783,0.0161
8.0330,0.016773,-0.346956,0.346956,-0.351282,0.351282,-0.001742,2.8367,1.2461,-0.1323
8.0498,0.016762,-0.344283,0.344283,-0.358952,0.352816,-0.001770,2.8044,1.2335,-0.0385
8.0665,0.016751,-0.340554,0.340554,-0.354350,0.345146,-0.001753,2.7970,1.2868,0.0157
8.0833,0.016766,-0.335787,0.335787,-0.348214,0.348214,-0.001755,2.8769,1.2784,-0.0964
8.1001,0.016772,-0.330011,0.330011,-0.352816,0.349748,-0.001755,2.7895,1.2821,0.0217
8.1169,0.016778,-0.323263,0.323263,-0.351282,0.346680,-0.001755,2.7895,1.2821,0.0217
8.1336,0.016756,-0.315595,0.315595,-0.351282,0.346680,-0.001755,2.7986,1.2817,0.0094
8.1504,0.016756,-0.307049,0.307049,-0.342078,0.337476,-0.001755,2.7973,1.2818,0.0111
8.1671,0.016759,-0.297675,0.297675,-0.334408,0.332874,-0.001755,2.7973,1.2818,0.0111
8.1839,0.016769,-0.287527,0.287527,-0.323670,0.325204,-0.001755,2.8769,1.2789,-0.0959
8.2007,0.016758,-0.276681,0.276681,-0.312932,0.316000,-0.001755,2.7895,1.2821,-0.0662
8.2174,0.016780,-0.265183,0.265183,-0.312932,0.316000,-0.001755,2.7895,1.2821,-0.0662
8.2342,0.016758,-0.253135,0.253135,-0.302194,0.300660,-0.001755,2.7986,1.2817,0.0094
8.2510,0.016759,-0.240596,0.240596,-0.289922,0.289922,-0.001755,2.7973,1.2818,0.0111
8.2677,0.016764,-0.227642,0.227642,-0.280718,0.277651,-0.001768,2.8383,1.3150,-0.0415
8.2845,0.016764,-0.214356,0.214356,-0.269981,0.268447,-0.001741,2.8320,1.2422,-0.0384
8.3013,0.016774,-0.200813,0.200813,-0.254641,0.253107,-0.001769,2.8347,1.3191,-0.0363
8.3181,0.016799,-0.187087,0.187087,-0.233165,0.233165,-0.001769,2.8347,1.3191,-0.0363
8.3351,0.017024,-0.173096,0.173096,-0.233165,0.233165,-0.001754,2.7938,1.2779,0.0155
8.3518,0.016752,-0.159337,0.159337,-0.210155,0.214757,-0.001768,2.8387,1.3154,-0.0419
8.3686,0.016755,-0.145670,0.145670,-0.200951,0.200951,-0.001780,2.8448,1.2595,-0.0908
8.3853,0.016748,-0.132189,0.132189,-0.193282,0.188680,-0.001766,2.8035,1.2321,-0.1215
8.4021,0.016783,-0.118944,0.118944,-0.174874,0.168738,-0.001754,2.7971,1.2870,0.0152
8.4189,0.016753,-0.106070,0.106070,-0.174874,0.168738,-0.001754,2.7971,1.2870,0.0152
8.4356,0.016776,-0.093605,0.093605,-0.150330,0.147262,-0.001768,2.8383,1.3144,-0.0419
8.4524,0.016749,-0.081665,0.081665,-0.131922,0.131922,-0.001754,2.7935,1.2784,0.0161
8.4692,0.016772,-0.070287,0.070287,-0.124252,0.122718,-0.001768,2.8387,1.3153,-0.0420
8.4859,0.016755,-0.059571,0.059571,-0.115049,0.111981,-0.001741,2.8320,1.2422,-0.1262
8.5027,0.016800,-0.049545,0.049545,-0.115049,0.111981,-0.001741,2.8320,1.2422,-0.1262
8.5195,0.016753,-0.040328,0.040328,-0.095107,0.092039,-0.001769,2.8347,1.3191,-0.0363
8.5362,0.016762,-0.031941,0.031941,-0.069029,0.070563,-0.001754,2.7938,1.2779,0.0155
8.5530,0.016771,-0.024441,0.024441,-0.053689,0.055223,-0.001755,2.7981,1.2822,0.0101
8.5698,0.016781,-0.017873,0.017873,-0.047553,0.049087,-0.001755,2.7981,1.2822,0.0101
8.5865,0.016746,-0.012295,0.012295,-0.027612,0.030680,-0.001755,2.7981,1.2822,0.0101
8.6033,0.016782,-0.007719,0.007719,-0.010738,0.010738,-0.001755,2.7981,1.2822,0.0101
8.6201,0.016756,-0.004190,0.004190,-0.010738,0.010738,-0.001755,2.7981,1.2822,0.0101
8.6368,0.016720,-0.001726,0.001726,-0.012272,0.007670,-0.001769,2.8875,1.2269,-0.1506
8.6536,0.016761,-0.000333,0.000333,-0.018408,0.013806,-0.001768,2.7991,1.2355,-0.0274
8.6703,0.016774,-0.000026,0.000026,-0.012272,0.009204,-0.001754,2.7976,1.2866,0.0146
8.6871,0.016755,-0.000807,0.000807,0.003068,-0.001534,-0.001769,2.8085,1.2293,-0.0446
8.7054,0.018338,-0.002903,0.002903,0.003068,-0.001534,-0.001769,2.8085,1.2293,-0.0446
8.7222,0.016756,-0.005938,0.005938,0.004602,-0.001534,-0.001753,2.8757,1.2844,-0.0901
8.7389,0.016758,-0.010024,0.010024,-0.004602,0.004602,-0.001782,2.8409,1.2627,-0.0857
8.7557,0.016750,-0.015134,0.015134,-0.006136,0.006136,-0.001752,2.7932,1.2838,0.0206
8.7725,0.016772,-0.021244,0.021244,0.001534,0.003068,-0.001768,2.8387,1.3148,-0.0425
8.7892,0.016754,-0.028303,0.028303,0.000000,0.006136,-0.001754,2.7934,1.2783,0.0161
8.8060,0.016778,-0.036285,0.036285,-0.021476,0.021476,-0.001755,2.7982,1.2821,-0.0779
8.8227,0.016753,-0.045117,0.045117,-0.021476,0.021476,-0.001755,2.7982,1.2821,-0.0779
8.8395,0.016753,-0.054756,0.054756,-0.030680,0.026078,-0.001755,2.7982,1.2821,0.0100
8.8562,0.016746,-0.065136,0.065136,-0.027612,0.026078,-0.001768,2.8382,1.3149,-0.0414
8.8730,0.016763,-0.076208,0.076208,-0.029146,0.035282,-0.001766,2.8341,1.3115,-0.1239
8.8898,0.016750,-0.087885,0.087885,-0.052155,0.055223,-0.001766,2.8341,1.3115,-0.0360
8.9065,0.016772,-0.100118,0.100118,-0.052155,0.055223,-0.001766,2.8341,1.3115,-0.0360
8.9233,0.016757,-0.112803,0.112803,-0.079767,0.081301,-0.001766,2.8341,1.3115,-0.0360
8.9401,0.016779,-0.125891,0.125891,-0.087437,0.085903,-0.001766,2.8341,1.3115,-0.0360
8.9568,0.016759,-0.139267,0.139267,-0.082835,0.085903,-0.001741,2.8325,1.2426,-0.0390
8.9736,0.016761,-0.152864,0.152864,-0.099709,0.105845,-0.001757,2.7941,1.2858,-0.0721
8.9906,0.016981,-0.166776,0.166776,-0.099709,0.105845,-0.001757,2.7941,1.2858,-0.0721
9.0073,0.016753,-0.180552,0.180552,-0.136524,0.138058,-0.001768,2.8387,1.3146,-0.0420
9.0241,0.016755,-0.194291,0.194291,-0.156466,0.151864,-0.001766,2.8340,1.3116,-0.0360
9.0408,0.016767,-0.207916,0.207916,-0.151864,0.147262,-0.001753,2.8731,1.2758,-0.0910
9.0576,0.016749,-0.221320,0.221320,-0.162602,0.158000,-0.001768,2.8305,1.3156,-0.0309
9.0745,0.016934,-0.234575,0.234575,-0.197884,0.196350,-0.001754,2.7943,1.2782,-0.0730
9.0913,0.016740,-0.247303,0.247303,-0.197884,0.196350,-0.001754,2.7943,1.2782,-0.0730
9.1080,0.016751,-0.259586,0.259586,-0.223961,0.223961,-0.001768,2.8386,1.3153,-0.0419
9.1248,0.016749,-0.271338,0.271338,-0.223961,0.225495,-0.001768,2.8042,1.2263,-0.0387
9.1415,0.016771,-0.282501,0.282501,-0.222427,0.220893,-0.001780,2.8483,1.2687,-0.0911
9.1583,0.016753,-0.292979,0.292979,-0.251573,0.250039,-0.001739,2.8310,1.2471,-0.0332
9.1751,0.016783,-0.302736,0.302736,-0.286854,0.286854,-0.001757,2.7943,1.2854,0.0152
9.1918,0.016754,-0.311677,0.311677,-0.286854,0.286854,-0.001757,2.7943,1.2854,0.0152
9.2086,0.016755,-0.319764,0.319764,-0.292990,0.292990,-0.001768,2.8386,1.3146,-0.0419
9.2253,0.016748,-0.326944,0.326944,-0.286854,0.285320,-0.001754,2.7934,1.2783,0.0161
9.2421,0.016762,-0.333179,0.333179,-0.296058,0.289922,-0.001742,2.8367,1.2461,-0.0444
9.2588,0.016747,-0.338421,0.338421,-0.323670,0.319068,-0.001769,2.8342,1.3187,-0.0357
9.2756,0.016774,-0.342649,0.342649,-0.342078,0.340544,-0.001769,2.8342,1.3187,-0.0357
9.2924,0.016752,-0.345823,0.345823,-0.342078,0.340544,-0.001766,2.8345,1.3111,-0.0366
9.3091,0.016757,-0.347931,0.347931,-0.340544,0.340544,-0.001766,2.8345,1.3111,-0.0366
9.3259,0.016754,-0.348958,0.348958,-0.334408,0.331340,-0.001766,2.8345,1.3111,-0.0366
9.3427,0.016805,-0.348897,0.348897,-0.348214,0.346680,-0.001754,2.7939,1.2787,0.0155
9.3594,0.016759,-0.347747,0.347747,-0.354350,0.349748,-0.001742,2.8367,1.2460,-0.0443
9.3762,0.016762,-0.345517,0.345517,-0.351282,0.345146,-0.001756,2.7937,1.2855,0.0163
9.3930,0.016760,-0.342221,0.342221,-0.351282,0.345146,-0.001756,2.7937,1.2855,0.0163
9.4097,0.016756,-0.337881,0.337881,-0.351282,0.348214,-0.001768,2.8387,1.3146,-0.0420
9.4265,0.016749,-0.332526,0.332526,-0.352816,0.351282,-0.001754,2.7934,1.2783,0.0161
9.4432,0.016759,-0.326182,0.326182,-0.349748,0.348214,-0.001755,2.7982,1.2821,0.0100
9.4600,0.016754,-0.318896,0.318896,-0.343612,0.339010,-0.001755,2.8768,1.2789,-0.0958
9.4768,0.016775,-0.310700,0.310700,-0.343612,0.339010,-0.001755,2.8768,1.2789,-0.0958
9.4935,0.016758,-0.301662,0.301662,-0.339010,0.334408,-0.001768,2.8301,1.3153,-0.0304
9.5103,0.016756,-0.291833,0.291833,-0.329806,0.328272,-0.001753,2.8735,1.2754,-0.0916
9.5270,0.016753,-0.281275,0.281275,-0.322136,0.323670,-0.001742,2.8284,1.2464,-0.0332
9.5438,0.016765,-0.270045,0.270045,-0.312932,0.312932,-0.001756,2.7945,1.2855,0.0152
9.5605,0.016759,-0.258222,0.258222,-0.302194,0.302194,-0.001768,2.8386,1.3146,-0.0419
9.5773,0.016768,-0.245872,0.245872,-0.302194,0.302194,-0.001768,2.8386,1.3146,-0.0419
9.5941,0.016759,-0.233083,0.233083,-0.288388,0.288388,-0.001754,2.7934,1.2783,0.0161
9.6108,0.016755,-0.219932,0.219932,-0.273049,0.274583,-0.001755,2.7982,1.2821,0.0100
9.6276,0.016750,-0.206502,0.206502,-0.260777,0.259243,-0.001768,2.8382,1.3149,-0.0414
9.6443,0.016758,-0.192867,0.192867,-0.245437,0.245437,-0.001766,2.8341,1.3115,-0.0360
9.6611,0.016756,-0.179119,0.179119,-0.225495,0.227029,-0.001766,2.8341,1.3115,-0.1239
9.6779,0.016763,-0.165337,0.165337,-0.225495,0.227029,-0.001766,2.8341,1.3115,-0.1239
9.6946,0.016750,-0.151623,0.151623,-0.204019,0.207087,-0.001754,2.7939,1.2787,0.0155
9.7114,0.016756,-0.138046,0.138046,-0.190214,0.193282,-0.001755,2.7981,1.2821,0.0101
9.7282,0.016838,-0.124632,0.124632,-0.185612,0.179476,-0.001755,2.7981,1.2821,0.0101
9.7450,0.016756,-0.111596,0.111596,-0.171806,0.164136,-0.001742,2.8363,1.2457,-0.0438
9.7618,0.016859,-0.098875,0.098875,-0.145728,0.141126,-0.001769,2.8343,1.3187,-0.0358
9.7786,0.016764,-0.086699,0.086699,-0.145728,0.141126,-0.001769,2.8343,1.3187,-0.0358
9.7953,0.016755,-0.075076,0.075076,-0.121184,0.121184,-0.001741,2.8325,1.2418,-0.1269
9.8121,0.016754,-0.064074,0.064074,-0.111981,0.111981,-0.001744,2.8327,1.2499,-0.0386
9.8288,0.016752,-0.053762,0.053762,-0.105845,0.104311,-0.001743,2.8326,1.2488,-0.0387
9.8456,0.016755,-0.044199,0.044199,-0.095107,0.090505,-0.001756,2.8732,1.2824,-0.0907
9.8625,0.016953,-0.035352,0.035352,-0.075165,0.070563,-0.001768,2.8304,1.3149,-0.0309
9.8793,0.016753,-0.027480,0.027480,-0.075165,0.070563,-0.001768,2.8304,1.3149,-0.0309
9.8960,0.016750,-0.020525,0.020525,-0.050621,0.049087,-0.001754,2.7943,1.2783,-0.0730
9.9128,0.016755,-0.014528,0.014528,-0.039884,0.041417,-0.001755,2.7981,1.2821,0.0101
9.9296,0.016758,-0.009527,0.009527,-0.044485,0.041417,-0.001768,2.8382,1.3149,-0.0414
9.9463,0.016761,-0.005554,0.005554,-0.038350,0.035282,-0.001766,2.8341,1.3115,-0.0360
9.9631,0.016757,-0.002635,0.002635,-0.016874,0.019942,-0.001754,2.7939,1.2787,0.0155
9.9798,0.016749,-0.000788,0.000788,-0.016874,0.019942,-0.001754,2.7939,1.2787,0.0155
9.9966,0.016752,-0.000023,0.000023,-0.003068,0.001534,-0.001755,2.7981,1.2821,0.0101
10.0136,0.016977,-0.000356,0.000356,-0.012272,0.009204,-0.001755,2.7981,1.2821,0.0101
10.0303,0.016752,-0.001777,0.001777,-0.006136,0.004602,-0.001755,2.7981,1.2821,0.0101
10.0474,0.017078,-0.004334,0.004334,-0.006136,0.004602,-0.001769,2.8875,1.2269,-0.2385
10.0641,0.016752,-0.007912,0.007912,0.006136,-0.003068,-0.001766,2.8290,1.3207,-0.1125
10.0809,0.016756,-0.012529,0.012529,0.004602,-0.001534,-0.001754,2.7945,1.2777,0.0143
10.0976,0.016751,-0.018154,0.018154,-0.009204,0.009204,-0.001755,2.7981,1.2822,0.0102
10.1144,0.016751,-0.024752,0.024752,-0.009204,0.010738,-0.001755,2.7981,1.2822,0.0102
10.1314,0.016990,-0.032398,0.032398,-0.009204,0.009204,-0.001742,2.8363,1.2457,-0.0438
10.1482,0.016765,-0.040835,0.040835,-0.009204,0.009204,-0.001742,2.8363,1.2457,-0.0438
10.1649,0.016770,-0.050109,0.050109,-0.018408,0.013806,-0.001743,2.8323,1.2495,-0.0381
10.1817,0.016762,-0.060154,0.060154,-0.033748,0.026078,-0.001756,2.7941,1.2851,0.0157
10.1984,0.016754,-0.070908,0.070908,-0.033748,0.041417,-0.001778,2.8271,1.2648,0.0114
10.2152,0.016756,-0.082309,0.082309,-0.033748,0.042951,-0.001765,2.8352,1.3168,-0.0415
10.2321,0.016858,-0.094359,0.094359,-0.053689,0.047553,-0.001741,2.8324,1.2421,-0.0384
10.2488,0.016762,-0.106842,0.106842,-0.053689,0.047553,-0.001741,2.8324,1.2421,-0.0384
10.2657,0.016871,-0.119832,0.119832,-0.084369,0.070563,-0.001743,2.8327,1.2498,-0.0387
10.2824,0.016755,-0.133075,0.133075,-0.093573,0.095107,-0.001779,2.8231,1.2685,0.0171
10.2994,0.016914,-0.146705,0.146705,-0.092039,0.098175,-0.001753,2.7951,1.2832,0.0099
10.3161,0.016752,-0.160380,0.160380,-0.101243,0.096641,-0.001755,2.7980,1.2816,-0.0772
10.3334,0.017262,-0.174562,0.174562,-0.124252,0.118117,-0.001755,2.7976,1.2818,0.0106
10.3507,0.017347,-0.188813,0.188813,-0.124252,0.118117,-0.001755,2.7976,1.2818,0.0106
10.3675,0.016765,-0.202497,0.202497,-0.159534,0.154932,-0.001755,2.8769,1.2789,-0.0958
10.3842,0.016758,-0.216001,0.216001,-0.174874,0.176408,-0.001778,2.8185,1.2655,0.0230
10.4012,0.016945,-0.229392,0.229392,-0.171806,0.171806,-0.001753,2.7956,1.2835,0.0093
10.4179,0.016762,-0.242295,0.242295,-0.177942,0.173340,-0.001755,2.7980,1.2816,0.0107
10.4347,0.016773,-0.254784,0.254784,-0.208621,0.205553,-0.001755,2.7980,1.2816,0.0107
10.4515,0.016738,-0.266747,0.266747,-0.208621,0.205553,-0.001755,2.7980,1.2816,0.0107
10.4682,0.016768,-0.278156,0.278156,-0.243903,0.245437,-0.001755,2.7980,1.2816,0.0107
10.4850,0.016775,-0.288922,0.288922,-0.251573,0.253107,-0.001768,2.8383,1.3150,-0.0414
10.5018,0.016777,-0.298976,0.298976,-0.248505,0.248505,-0.001768,2.8042,1.2263,-0.0388
10.5187,0.016923,-0.308329,0.308329,-0.265379,0.263845,-0.001754,2.7971,1.2876,0.0157
10.5355,0.016772,-0.316760,0.316760,-0.265379,0.263845,-0.001754,2.7971,1.2876,0.0157
10.5522,0.016751,-0.324294,0.324294,-0.302194,0.300660,-0.001742,2.8364,1.2451,-0.0444
10.5690,0.016768,-0.330901,0.330901,-0.306796,0.306796,-0.001756,2.7937,1.2856,0.0163
10.5857,0.016756,-0.336529,0.336529,-0.302194,0.299126,-0.001755,2.7981,1.2814,0.0100
10.6025,0.016773,-0.341152,0.341152,-0.316000,0.309864,-0.001755,2.7981,1.2814,0.0100
10.6193,0.016757,-0.344732,0.344732,-0.340544,0.337476,-0.001755,2.7981,1.2814,0.0100
10.6360,0.016769,-0.347252,0.347252,-0.343612,0.343612,-0.001755,2.7981,1.2814,0.0100
10.6528,0.016752,-0.348693,0.348693,-0.343612,0.343612,-0.001755,2.7981,1.2814,0.0100
10.6696,0.016759,-0.349050,0.349050,-0.337476,0.335942,-0.001756,2.8470,1.1937,-0.0986
10.6863,0.016750,-0.348319,0.348319,-0.345146,0.340544,-0.001755,2.7927,1.2910,0.0220
10.7032,0.016882,-0.346487,0.346487,-0.355884,0.351282,-0.001755,2.7983,1.2808,0.0094
10.7199,0.016751,-0.343595,0.343595,-0.354350,0.349748,-0.001765,2.7861,1.2320,0.0641
10.7367,0.016775,-0.339643,0.339643,-0.354350,0.349748,-0.001765,2.7861,1.2320,0.0641
10.7535,0.016754,-0.334667,0.334667,-0.349748,0.345146,-0.001754,2.7989,1.2870,0.0050
10.7702,0.016762,-0.328690,0.328690,-0.351282,0.349748,-0.001769,2.8083,1.2292,-0.0436
10.7870,0.016755,-0.321755,0.321755,-0.349748,0.348214,-0.001754,2.7966,1.2873,0.0162
10.8038,0.016766,-0.313897,0.313897,-0.342078,0.340544,-0.001755,2.7978,1.2812,0.0100
10.8205,0.016767,-0.305170,0.305170,-0.337476,0.334408,-0.001768,2.8383,1.3150,-0.0414
10.8373,0.016764,-0.295628,0.295628,-0.337476,0.334408,-0.001768,2.8383,1.3150,-0.0414
10.8540,0.016750,-0.285341,0.285341,-0.328272,0.325204,-0.001754,2.7935,1.2783,0.0160
10.8708,0.016754,-0.274361,0.274361,-0.317534,0.317534,-0.001755,2.7982,1.2821,0.0100
10.8875,0.016754,-0.262758,0.262758,-0.308330,0.308330,-0.001742,2.8363,1.2457,-0.0438
10.9043,0.016763,-0.250599,0.250599,-0.299126,0.299126,-0.001769,2.8343,1.3187,-0.0358
10.9211,0.016763,-0.237966,0.237966,-0.299126,0.299126,-0.001769,2.8343,1.3187,-0.0358
10.9378,0.016760,-0.224940,0.224940,-0.285320,0.285320,-0.001741,2.8325,1.2418,-0.1269
10.9546,0.016750,-0.211608,0.211608,-0.266913,0.268447,-0.001757,2.7941,1.2859,0.0158
10.9713,0.016743,-0.198050,0.198050,-0.254641,0.254641,-0.001755,2.7981,1.2813,0.0101
10.9881,0.016762,-0.184330,0.184330,-0.242369,0.243903,-0.001755,2.7981,1.2813,0.0101
11.0048,0.016767,-0.170546,0.170546,-0.207087,0.213223,-0.001765,2.7861,1.2320,0.0641
11.0216,0.016757,-0.156794,0.156794,-0.207087,0.213223,-0.001765,2.7861,1.2320,0.0641
11.0384,0.016760,-0.143151,0.143151,-0.184078,0.187146,-0.001767,2.8394,1.3202,-0.0470
11.0552,0.016800,-0.129671,0.129671,-0.177942,0.176408,-0.001753,2.8725,1.2749,-0.0898
11.0719,0.016764,-0.116500,0.116500,-0.168738,0.158000,-0.001755,2.7899,1.2825,0.0211
11.0887,0.016779,-0.103680,0.103680,-0.147262,0.141126,-0.001755,2.7985,1.2817,0.0095
11.1054,0.016720,-0.091346,0.091346,-0.147262,0.141126,-0.001755,2.7985,1.2817,0.0095
11.1222,0.016757,-0.079501,0.079501,-0.121184,0.121184,-0.001742,2.8362,1.2457,-0.0437
11.1390,0.016810,-0.068215,0.068215,-0.110447,0.110447,-0.001756,2.7937,1.2855,0.0162
11.1558,0.016762,-0.057625,0.057625,-0.101243,0.099709,-0.001755,2.7981,1.2814,0.0100
11.1727,0.016906,-0.047682,0.047682,-0.085903,0.081301,-0.001755,2.8768,1.2790,-0.0958
11.1894,0.016763,-0.038618,0.038618,-0.085903,0.081301,-0.001755,2.8768,1.2790,-0.0958
11.2062,0.016767,-0.030400,0.030400,-0.061359,0.059825,-0.001768,2.8301,1.3153,-0.0304
11.2230,0.016796,-0.023069,0.023069,-0.047553,0.049087,-0.001754,2.7943,1.2783,-0.0730
11.2398,0.016762,-0.016698,0.016698,-0.047553,0.047553,-0.001755,2.7981,1.2821,0.0102
11.2565,0.016767,-0.011311,0.011311,-0.044485,0.042951,-0.001755,2.7981,1.2821,0.0102
11.2735,0.017011,-0.006885,0.006885,-0.027612,0.029146,-0.001755,2.7981,1.2821,0.0102
11.2904,0.016871,-0.003560,0.003560,-0.027612,0.029146,-0.001755,2.7981,1.2821,0.0102
11.3072,0.016754,-0.001327,0.001327,-0.007670,0.012272,-0.001755,2.7981,1.2821,-0.0777
11.3239,0.016753,-0.000172,0.000172,-0.003068,0.003068,-0.001755,2.7981,1.2821,0.0102
11.3407,0.016767,-0.000104,0.000104,-0.013806,0.007670,-0.001755,2.7981,1.2821,0.0102
11.3574,0.016758,-0.001124,0.001124,-0.010738,0.007670,-0.001768,2.8382,1.3149,-0.0414
11.3742,0.016778,-0.003228,0.003228,0.001534,-0.001534,-0.001766,2.8341,1.3115,-0.0360
11.3910,0.016756,-0.006397,0.006397,0.001534,-0.001534,-0.001766,2.8341,1.3115,-0.0360
11.4077,0.016755,-0.010614,0.010614,0.004602,-0.003068,-0.001754,2.7939,1.2787,0.0155
11.4245,0.016756,-0.015852,0.015852,-0.003068,0.004602,-0.001755,2.7981,1.2821,0.0101
11.4412,0.016769,-0.022085,0.022085,-0.009204,0.009204,-0.001755,2.7981,1.2821,0.0101
11.4580,0.016724,-0.029248,0.029248,-0.006136,0.009204,-0.001768,2.8382,1.3149,-0.1293
11.4747,0.016769,-0.037336,0.037336,-0.009204,0.009204,-0.001754,2.7935,1.2783,0.0160
11.4915,0.016757,-0.046274,0.046274,-0.009204,0.009204,-0.001754,2.7935,1.2783,0.0160
11.5083,0.016755,-0.056010,0.056010,-0.021476,0.019942,-0.001755,2.8773,1.2793,-0.0964
11.5250,0.016758,-0.066486,0.066486,-0.038350,0.035282,-0.001768,2.8300,1.3152,-0.0303
11.5418,0.016772,-0.077645,0.077645,-0.036816,0.039884,-0.001766,2.8349,1.3115,-0.0372
11.5585,0.016757,-0.089399,0.089399,-0.038350,0.041417,-0.001741,2.8324,1.2426,-0.0388
11.5753,0.016763,-0.101688,0.101688,-0.061359,0.058291,-0.001741,2.8324,1.2426,-0.0388
11.5921,0.016753,-0.114423,0.114423,-0.061359,0.058291,-0.001757,2.7941,1.2858,0.0157
11.6088,0.016761,-0.127539,0.127539,-0.088971,0.085903,-0.001768,2.8387,1.3146,-0.0420
11.6256,0.016753,-0.140941,0.140941,-0.088971,0.095107,-0.001754,2.7934,1.2784,0.0161
11.6424,0.016789,-0.154582,0.154582,-0.088971,0.095107,-0.001755,2.7982,1.2821,0.0100
11.6591,0.016761,-0.168325,0.168325,-0.113515,0.110447,-0.001778,2.7885,1.3292,-0.0961
11.6759,0.016776,-0.182119,0.182119,-0.113515,0.110447,-0.001778,2.7885,1.3292,-0.0961
11.6926,0.016756,-0.195849,0.195849,-0.150330,0.144194,-0.001753,2.7987,1.2768,0.0217
11.7094,0.016754,-0.209445,0.209445,-0.167204,0.165670,-0.001755,2.7976,1.2823,0.0094
11.7263,0.016886,-0.222928,0.222928,-0.165670,0.167204,-0.001769,2.8085,1.2297,-0.0441
11.7430,0.016754,-0.236003,0.236003,-0.170272,0.168738,-0.001766,2.8372,1.3204,-0.0357
11.7598,0.016758,-0.248698,0.248698,-0.194816,0.190214,-0.001766,2.8372,1.3204,-0.0357
11.7766,0.016769,-0.260938,0.260938,-0.194816,0.190214,-0.001754,2.7936,1.2777,0.0154
11.7933,0.016766,-0.272637,0.272637,-0.231631,0.228563,-0.001755,2.7982,1.2822,0.0101
11.8101,0.016757,-0.283719,0.283719,-0.245437,0.245437,-0.001768,2.8382,1.3149,-0.0414
11.8268,0.016754,-0.294118,0.294118,-0.242369,0.242369,-0.001777,2.8225,1.2617,0.0174
11.8436,0.016760,-0.303775,0.303775,-0.248505,0.251573,-0.001765,2.8357,1.3171,-0.0421
11.8604,0.016762,-0.312628,0.312628,-0.277651,0.282252,-0.001754,2.7937,1.2781,0.0161
11.8771,0.016767,-0.320621,0.320621,-0.277651,0.282252,-0.001754,2.7937,1.2781,0.0161
11.8939,0.016783,-0.327709,0.327709,-0.308330,0.302194,-0.001769,2.8089,1.2302,-0.1327
11.9107,0.016765,-0.333834,0.333834,-0.309864,0.305262,-0.001766,2.8371,1.3204,-0.0357
11.9274,0.016750,-0.338961,0.338961,-0.303728,0.305262,-0.001767,2.8342,1.3110,-0.0366
11.9442,0.016764,-0.343067,0.343067,-0.320602,0.323670,-0.001754,2.7939,1.2787,-0.0724
11.9611,0.016861,-0.346136,0.346136,-0.346680,0.342078,-0.001755,2.7981,1.2821,0.0101
11.9778,0.016757,-0.348113,0.348113,-0.346680,0.342078,-0.001755,2.7981,1.2821,0.0101
11.9946,0.016752,-0.349009,0.349009,-0.346680,0.342078,-0.001755,2.7981,1.2821,0.0101
12.0113,0.016715,-0.348819,0.348819,-0.337476,0.335942,-0.001755,2.7981,1.2821,0.0101
12.0280,0.016753,-0.347545,0.347545,-0.349748,0.349748,-0.001755,2.7981,1.2821,0.0101
12.0448,0.016755,-0.345192,0.345192,-0.357418,0.351282,-0.001768,2.8382,1.3149,-0.0414
12.0615,0.016757,-0.341776,0.341776,-0.352816,0.343612,-0.001766,2.8341,1.3115,-0.0360
12.0783,0.016754,-0.337318,0.337318,-0.352816,0.343612,-0.001766,2.8341,1.3115,-0.0360
12.0951,0.016747,-0.331848,0.331848,-0.348214,0.348214,-0.001754,2.7939,1.2787,0.0155
12.1118,0.016761,-0.325394,0.325394,-0.351282,0.349748,-0.001768,2.8387,1.3153,-0.0419
12.1286,0.016756,-0.318001,0.318001,-0.349748,0.346680,-0.001754,2.7934,1.2783,0.0161
12.1453,0.016766,-0.309709,0.309709,-0.342078,0.339010,-0.001755,2.8773,1.2793,-0.0964
12.1621,0.016763,-0.300575,0.300575,-0.342078,0.339010,-0.001755,2.8773,1.2793,-0.0964
12.1788,0.016753,-0.290662,0.290662,-0.334408,0.331340,-0.001768,2.8300,1.3152,-0.0303
12.1956,0.016747,-0.280029,0.280029,-0.322136,0.322136,-0.001753,2.8735,1.2755,-0.0916
12.2123,0.016754,-0.268735,0.268735,-0.314466,0.316000,-0.001742,2.8284,1.2464,-0.0332
12.2291,0.016752,-0.256854,0.256854,-0.299126,0.297592,-0.001756,2.7945,1.2855,0.0151
12.2459,0.016761,-0.244455,0.244455,-0.280718,0.280718,-0.001768,2.8386,1.3146,-0.0419
12.2627,0.016798,-0.231591,0.231591,-0.280718,0.280718,-0.001768,2.8386,1.3146,-0.0419
12.2794,0.016753,-0.218405,0.218405,-0.262311,0.263845,-0.001766,2.8340,1.3116,-0.0360
12.2962,0.016751,-0.204947,0.204947,-0.248505,0.248505,-0.001754,2.7939,1.2787,0.0155
12.3129,0.016763,-0.191291,0.191291,-0.234699,0.236233,-0.001768,2.8387,1.3153,-0.0419
12.3297,0.016759,-0.177533,0.177533,-0.223961,0.225495,-0.001766,2.8340,1.3115,-0.0360
12.3465,0.016766,-0.163751,0.163751,-0.204019,0.208621,-0.001781,2.8453,1.2599,-0.0914
12.3632,0.016754,-0.150045,0.150045,-0.204019,0.208621,-0.001781,2.8453,1.2599,-0.0914
12.3800,0.016757,-0.136490,0.136490,-0.182544,0.187146,-0.001766,2.8035,1.2320,-0.0336
12.3967,0.016752,-0.123176,0.123176,-0.168738,0.165670,-0.001754,2.7971,1.2870,0.0152
12.4135,0.016771,-0.110167,0.110167,-0.156466,0.153398,-0.001768,2.8383,1.3144,-0.0419
12.4302,0.016752,-0.097574,0.097574,-0.138058,0.136524,-0.001753,2.8726,1.2755,-0.0904
12.4470,0.016773,-0.085445,0.085445,-0.138058,0.136524,-0.001753,2.8726,1.2755,-0.0904
12.4638,0.016755,-0.073885,0.073885,-0.115049,0.116583,-0.001755,2.7899,1.2824,0.0211
12.4805,0.016762,-0.062948,0.062948,-0.099709,0.099709,-0.001768,2.8391,1.3149,-0.0425
12.4973,0.016751,-0.052713,0.052713,-0.092039,0.088971,-0.001768,2.8041,1.2263,-0.0386
12.5147,0.017471,-0.042847,0.042847,-0.084369,0.079767,-0.001754,2.7971,1.2876,0.0157
12.5315,0.016753,-0.034224,0.034224,-0.067495,0.064427,-0.001755,2.8769,1.2783,-0.0964
12.5483,0.016754,-0.026474,0.026474,-0.041417,0.044485,-0.001765,2.7779,1.2323,0.0752
12.5650,0.016765,-0.019643,0.019643,-0.041417,0.044485,-0.001765,2.7779,1.2323,0.0752
12.5818,0.016765,-0.013777,0.013777,-0.030680,0.033748,-0.001754,2.7998,1.2869,0.0039
12.5986,0.016813,-0.008902,0.008902,-0.033748,0.030680,-0.001755,2.7975,1.2812,0.0113
12.6154,0.016764,-0.005076,0.005076,-0.032214,0.030680,-0.001768,2.8383,1.3150,-0.0415
12.6321,0.016757,-0.002308,0.002308,-0.016874,0.018408,-0.001754,2.7935,1.2783,0.0160
12.6489,0.016776,-0.000612,0.000612,-0.016874,0.018408,-0.001754,2.7935,1.2783,0.0160
12.6657,0.016817,-0.000002,0.000002,0.001534,0.000000,-0.001755,2.7982,1.2821,-0.0779
12.6825,0.016825,-0.000488,0.000488,0.000000,-0.001534,-0.001768,2.8382,1.3149,-0.0414
12.6997,0.017163,-0.002110,0.002110,-0.007670,0.007670,-0.001766,2.8341,1.3115,-0.0360
12.7165,0.016763,-0.004783,0.004783,-0.003068,0.006136,-0.001766,2.8341,1.3115,-0.0360
12.7337,0.017215,-0.008630,0.008630,0.006136,-0.003068,-0.001766,2.8341,1.3115,-0.0360
12.7504,0.016758,-0.013423,0.013423,0.006136,-0.003068,-0.001766,2.8341,1.3115,-0.0360
12.7672,0.016766,-0.019223,0.019223,0.000000,-0.001534,-0.001753,2.8731,1.2758,-0.1789
12.7840,0.016751,-0.025986,0.025986,-0.010738,0.010738,-0.001768,2.8305,1.3156,-0.0309
12.8019,0.017902,-0.034235,0.034235,-0.007670,0.012272,-0.001754,2.7943,1.2782,0.0149
12.8186,0.016754,-0.042860,0.042860,-0.007670,0.010738,-0.001755,2.7981,1.2821,0.0101
12.8354,0.016751,-0.052303,0.052303,-0.024544,0.021476,-0.001768,2.8382,1.3149,-0.0414
12.8521,0.016760,-0.062514,0.062514,-0.024544,0.021476,-0.001768,2.8382,1.3149,-0.0414
12.8689,0.016759,-0.073422,0.073422,-0.044485,0.039884,-0.001754,2.7935,1.2783,0.0160
12.8856,0.016751,-0.084955,0.084955,-0.046019,0.049087,-0.001768,2.8387,1.3153,-0.1299
12.9024,0.016763,-0.097055,0.097055,-0.044485,0.050621,-0.001766,2.8340,1.3115,-0.0360
12.9191,0.016748,-0.109626,0.109626,-0.059825,0.058291,-0.001768,2.8047,1.2267,-0.0393
12.9359,0.016774,-0.122622,0.122622,-0.088971,0.082835,-0.001768,2.8047,1.2267,-0.0393
12.9527,0.016750,-0.135923,0.135923,-0.088971,0.082835,-0.001766,2.8376,1.3207,-0.0362
12.9694,0.016767,-0.149478,0.149478,-0.111981,0.108913,-0.001764,2.7820,1.2279,0.0689
12.9862,0.016752,-0.163177,0.163177,-0.110447,0.108913,-0.001767,2.8399,1.3206,-0.1354
13.0029,0.016763,-0.176956,0.176956,-0.108913,0.108913,-0.001754,2.7933,1.2777,0.0167
13.0197,0.016751,-0.190711,0.190711,-0.133456,0.134990,-0.001755,2.7982,1.2822,-0.0779
13.0365,0.016769,-0.204379,0.204379,-0.133456,0.134990,-0.001755,2.7982,1.2822,-0.0779
13.0532,0.016752,-0.217846,0.217846,-0.168738,0.168738,-0.001755,2.7982,1.2822,-0.0779
13.0700,0.016757,-0.231048,0.231048,-0.193282,0.187146,-0.001755,2.7982,1.2822,0.0100
13.0867,0.016748,-0.243892,0.243892,-0.188680,0.185612,-0.001755,2.7982,1.2822,0.0100
13.1035,0.016762,-0.256313,0.256313,-0.188680,0.193282,-0.001742,2.8363,1.2457,-0.1316
13.1203,0.016804,-0.268254,0.268254,-0.214757,0.222427,-0.001742,2.8363,1.2457,-0.1316
13.1371,0.016772,-0.279586,0.279586,-0.214757,0.222427,-0.001769,2.8343,1.3187,-0.0358
13.1538,0.016749,-0.290249,0.290249,-0.253107,0.254641,-0.001754,2.7939,1.2779,0.0154
13.1706,0.016825,-0.300234,0.300234,-0.265379,0.259243,-0.001768,2.8387,1.3154,-0.0419
13.1874,0.016754,-0.309392,0.309392,-0.262311,0.256175,-0.001754,2.7934,1.2783,0.0161
13.2046,0.017235,-0.317936,0.317936,-0.274583,0.271515,-0.001755,2.7982,1.2821,0.0100
13.2214,0.016753,-0.325335,0.325335,-0.306796,0.306796,-0.001755,2.7982,1.2821,0.0100
13.2381,0.016766,-0.331800,0.331800,-0.306796,0.306796,-0.001755,2.7982,1.2821,0.0100
13.2549,0.016753,-0.337279,0.337279,-0.319068,0.319068,-0.001755,2.7982,1.2821,0.0100
13.2716,0.016750,-0.341744,0.341744,-0.316000,0.309864,-0.001768,2.8382,1.3149,-0.0414
13.2886,0.016951,-0.345202,0.345202,-0.320602,0.316000,-0.001741,2.8321,1.2422,-0.0384
13.3054,0.016761,-0.347552,0.347552,-0.340544,0.335942,-0.001769,2.8347,1.3191,-0.0363
13.3221,0.016787,-0.348823,0.348823,-0.348214,0.346680,-0.001754,2.7938,1.2779,0.0155
13.3389,0.016767,-0.349005,0.349005,-0.348214,0.346680,-0.001754,2.7938,1.2779,0.0155
13.3557,0.016752,-0.348100,0.348100,-0.343612,0.340544,-0.001755,2.7981,1.2822,0.0101
13.3724,0.016753,-0.346114,0.346114,-0.345146,0.342078,-0.001755,2.7981,1.2822,0.0101
13.3892,0.016767,-0.343055,0.343055,-0.357418,0.351282,-0.001755,2.7981,1.2822,0.0101
13.4059,0.016760,-0.338947,0.338947,-0.355884,0.349748,-0.001755,2.8768,1.2789,-0.0958
13.4227,0.016777,-0.333808,0.333808,-0.346680,0.345146,-0.001768,2.8301,1.3153,-0.0304
13.4395,0.016759,-0.327682,0.327682,-0.346680,0.345146,-0.001768,2.8301,1.3153,-0.0304
13.4562,0.016756,-0.320602,0.320602,-0.346680,0.348214,-0.001754,2.7943,1.2783,0.0149
13.4730,0.016754,-0.312612,0.312612,-0.343612,0.345146,-0.001768,2.8386,1.3153,-0.0419
13.4898,0.016764,-0.303757,0.303757,-0.340544,0.335942,-0.001741,2.8320,1.2422,-0.0383
13.5065,0.016756,-0.294101,0.294101,-0.337476,0.329806,-0.001757,2.7942,1.2859,0.0157
13.5233,0.016766,-0.283693,0.283693,-0.337476,0.329806,-0.001757,2.7942,1.2859,0.0157
13.5400,0.016757,-0.272611,0.272611,-0.309864,0.309864,-0.001755,2.7981,1.2813,-0.0778
13.5568,0.016758,-0.260916,0.260916,-0.297592,0.299126,-0.001769,2.8084,1.2298,-0.0441
13.5735,0.016748,-0.248691,0.248691,-0.286854,0.291456,-0.001766,2.8372,1.3204,-0.0357
13.5903,0.016762,-0.235993,0.235993,-0.277651,0.277651,-0.001754,2.7936,1.2777,0.0154
13.6071,0.016749,-0.222922,0.222922,-0.277651,0.277651,-0.001755,2.7982,1.2822,0.0101
13.6238,0.016778,-0.209526,0.209526,-0.240835,0.240835,-0.001755,2.7982,1.2822,0.0101
13.6406,0.016762,-0.195925,0.195925,-0.240835,0.240835,-0.001755,2.7982,1.2822,0.0101
13.6573,0.016757,-0.182194,0.182194,-0.225495,0.225495,-0.001768,2.8382,1.3149,-0.0414
13.6741,0.016750,-0.168422,0.168422,-0.211689,0.216291,-0.001754,2.7935,1.2783,0.0160
13.6909,0.016762,-0.154677,0.154677,-0.202485,0.204019,-0.001768,2.8387,1.3153,-0.1299
13.7076,0.016758,-0.141060,0.141060,-0.182544,0.181010,-0.001754,2.7934,1.2783,-0.0718
13.7244,0.016778,-0.127635,0.127635,-0.182544,0.181010,-0.001754,2.7934,1.2783,-0.0718
13.7412,0.016757,-0.114520,0.114520,-0.161068,0.159534,-0.001755,2.7982,1.2821,0.0100
13.7579,0.016760,-0.101777,0.101777,-0.142660,0.139592,-0.001768,2.8382,1.3149,-0.0414
13.7747,0.016758,-0.089488,0.089488,-0.133456,0.134990,-0.001754,2.7935,1.2783,0.0160
13.7914,0.016755,-0.077732,0.077732,-0.124252,0.124252,-0.001755,2.7982,1.2821,0.0100
13.8082,0.016762,-0.066575,0.066575,-0.105845,0.105845,-0.001755,2.8768,1.2789,-0.0958
13.8250,0.016767,-0.056087,0.056087,-0.105845,0.105845,-0.001755,2.8768,1.2789,-0.0958
13.8417,0.016761,-0.046342,0.046342,-0.081301,0.079767,-0.001755,2.7895,1.2821,0.0217
13.8585,0.016757,-0.037398,0.037398,-0.065961,0.064427,-0.001755,2.7986,1.2817,0.0094
13.8753,0.016781,-0.029298,0.029298,-0.062893,0.061359,-0.001755,2.7973,1.2818,0.0111
13.8921,0.016853,-0.022077,0.022077,-0.058291,0.055223,-0.001768,2.8383,1.3150,-0.0415
13.9089,0.016778,-0.015842,0.015842,-0.058291,0.055223,-0.001768,2.8383,1.3150,-0.0415
13.9256,0.016749,-0.010608,0.010608,-0.038350,0.038350,-0.001754,2.7935,1.2783,0.0160
13.9424,0.016755,-0.006392,0.006392,-0.016874,0.019942,-0.001782,2.8495,1.2633,-0.0968
13.9591,0.016746,-0.003226,0.003226,-0.019942,0.016874,-0.001739,2.8309,1.2476,-0.0326
13.9758,0.016708,-0.001130,0.001130,-0.023010,0.016874,-0.001757,2.7943,1.2853,0.0151
13.9926,0.016754,-0.000106,0.000106,-0.012272,0.007670,-0.001755,2.7981,1.2814,-0.0778
14.0094,0.016774,-0.000170,0.000170,-0.012272,0.007670,-0.001755,2.7981,1.2814,-0.0778
14.0261,0.016751,-0.001321,0.001321,0.004602,-0.001534,-0.001768,2.8382,1.3150,-0.0414
14.0429,0.016756,-0.003551,0.003551,0.004602,0.000000,-0.001754,2.7935,1.2783,0.0160
14.0596,0.016756,-0.006846,0.006846,-0.007670,0.006136,-0.001768,2.8387,1.3153,-0.0420
14.0776,0.017918,-0.011526,0.011526,-0.007670,0.006136,-0.001768,2.8387,1.3153,-0.0420
14.0943,0.016757,-0.016954,0.016954,-0.003068,0.004602,-0.001766,2.8340,1.3115,-0.0360
14.1111,0.016757,-0.023364,0.023364,0.004602,-0.001534,-0.001766,2.8340,1.3115,-0.0360
14.1279,0.016884,-0.030775,0.030775,0.000000,0.006136,-0.001754,2.7939,1.2787,0.0155
14.1447,0.016756,-0.039030,0.039030,-0.016874,0.019942,-0.001768,2.8387,1.3153,-0.0419
14.1615,0.016764,-0.048134,0.048134,-0.030680,0.024544,-0.001766,2.8340,1.3115,-0.0360
14.1782,0.016757,-0.058022,0.058022,-0.030680,0.024544,-0.001766,2.8340,1.3115,-0.0360
14.1950,0.016747,-0.068629,0.068629,-0.030680,0.024544,-0.001754,2.7939,1.2787,0.0155
14.2117,0.016762,-0.079906,0.079906,-0.027612,0.027612,-0.001768,2.8387,1.3153,-0.0419
14.2286,0.016874,-0.091854,0.091854,-0.039884,0.047553,-0.001741,2.8320,1.2422,-0.0383
14.2454,0.016761,-0.104240,0.104240,-0.058291,0.064427,-0.001767,2.7826,1.2361,0.0691
14.2621,0.016763,-0.117065,0.117065,-0.087437,0.082835,-0.001766,2.8398,1.3198,-0.0475
14.2788,0.016701,-0.130200,0.130200,-0.087437,0.082835,-0.001766,2.8398,1.3198,-0.0475
14.2956,0.016746,-0.143645,0.143645,-0.095107,0.087437,-0.001767,2.8339,1.3110,-0.0354
14.3123,0.016750,-0.157286,0.157286,-0.092039,0.093573,-0.001754,2.7939,1.2787,-0.0725
14.3291,0.016749,-0.171034,0.171034,-0.102777,0.110447,-0.001755,2.7981,1.2821,0.0101
14.3458,0.016752,-0.184806,0.184806,-0.130388,0.134990,-0.001755,2.7981,1.2821,0.0101
14.3626,0.016759,-0.198520,0.198520,-0.158000,0.159534,-0.001755,2.7589,1.2110,-0.0980
14.3793,0.016752,-0.212078,0.212078,-0.158000,0.159534,-0.001755,2.7589,1.2110,-0.0980
14.3961,0.016744,-0.225396,0.225396,-0.177942,0.173340,-0.001755,2.8018,1.2891,0.0219
14.4128,0.016751,-0.238404,0.238404,-0.177942,0.173340,-0.001755,2.7973,1.2810,0.0094
14.4296,0.016751,-0.251013,0.251013,-0.188680,0.188680,-0.001755,2.7979,1.2821,0.0112
14.4464,0.016827,-0.263200,0.263200,-0.240835,0.242369,-0.001755,2.7979,1.2821,0.0112
14.4632,0.016759,-0.274784,0.274784,-0.253107,0.254641,-0.001755,2.7979,1.2821,0.0112
14.4799,0.016756,-0.285741,0.285741,-0.253107,0.254641,-0.001755,2.7979,1.2821,0.0112
14.4967,0.016749,-0.296001,0.296001,-0.251573,0.251573,-0.001768,2.8383,1.3149,-0.0415
14.5134,0.016755,-0.305508,0.305508,-0.262311,0.260777,-0.001754,2.7935,1.2783,0.0160
14.5303,0.016891,-0.314265,0.314265,-0.286854,0.285320,-0.001755,2.7982,1.2821,0.0100
14.5471,0.016756,-0.322079,0.322079,-0.312932,0.309864,-0.001768,2.8382,1.3149,-0.0414
14.5641,0.017061,-0.329090,0.329090,-0.312932,0.309864,-0.001768,2.8382,1.3149,-0.0414
14.5809,0.016750,-0.335002,0.335002,-0.314466,0.312932,-0.001741,2.8321,1.2422,-0.0384
14.5977,0.016822,-0.339933,0.339933,-0.311398,0.311398,-0.001757,2.7942,1.2859,0.0157
14.6145,0.016754,-0.343812,0.343812,-0.328272,0.326738,-0.001755,2.7981,1.2813,-0.0778
14.6314,0.016959,-0.346665,0.346665,-0.343612,0.339010,-0.001768,2.8382,1.3150,-0.0414
14.6482,0.016760,-0.348405,0.348405,-0.345146,0.343612,-0.001768,2.8382,1.3150,-0.0414
14.6652,0.016975,-0.349061,0.349061,-0.345146,0.343612,-0.001780,2.8448,1.2595,-0.0908
14.6819,0.016758,-0.348615,0.348615,-0.343612,0.343612,-0.001752,2.8719,1.2813,-0.0853
14.6987,0.016756,-0.347084,0.347084,-0.354350,0.346680,-0.001769,2.8007,1.2298,-0.0342
14.7154,0.016753,-0.344478,0.344478,-0.354350,0.349748,-0.001754,2.7974,1.2872,0.0153
14.7322,0.016778,-0.340807,0.340807,-0.349748,0.348214,-0.001755,2.7978,1.2812,0.0101
14.7490,0.016750,-0.336107,0.336107,-0.346680,0.345146,-0.001768,2.8383,1.3150,-0.1293
14.7657,0.016774,-0.330391,0.330391,-0.346680,0.345146,-0.001768,2.8383,1.3150,-0.1293
14.7825,0.016754,-0.323710,0.323710,-0.345146,0.342078,-0.001754,2.7935,1.2783,0.0160
14.7993,0.016765,-0.316095,0.316095,-0.343612,0.340544,-0.001768,2.8387,1.3153,-0.0420
14.8160,0.016751,-0.307603,0.307603,-0.342078,0.339010,-0.001766,2.8340,1.3115,-0.0360
14.8328,0.016768,-0.298274,0.298274,-0.331340,0.329806,-0.001754,2.7939,1.2787,0.0155
14.8495,0.016760,-0.288177,0.288177,-0.317534,0.317534,-0.001768,2.8387,1.3153,-0.0419
14.8663,0.016772,-0.277363,0.277363,-0.317534,0.317534,-0.001768,2.8387,1.3153,-0.0419
14.8831,0.016759,-0.265917,0.265917,-0.303728,0.303728,-0.001754,2.7934,1.2783,0.0161
14.8998,0.016769,-0.253894,0.253894,-0.292990,0.294524,-0.001755,2.7982,1.2821,0.0100
14.9166,0.016754,-0.241387,0.241387,-0.285320,0.285320,-0.001755,2.7982,1.2821,0.0100
14.9334,0.016768,-0.228452,0.228452,-0.273049,0.271515,-0.001755,2.7982,1.2821,0.0100
14.9502,0.016850,-0.215116,0.215116,-0.253107,0.253107,-0.001755,2.7982,1.2821,-0.0779
14.9670,0.016770,-0.201589,0.201589,-0.253107,0.253107,-0.001755,2.7982,1.2821,-0.0779
14.9837,0.016757,-0.187903,0.187903,-0.234699,0.236233,-0.001780,2.7586,1.2440,-0.0989
