t,loop_dt,cmd_ant_l,cmd_ant_r,pres_ant_l,pres_ant_r
0.0000,0.000001,-0.349065,0.349065,-0.176408,0.173340
0.0168,0.016750,-0.340295,0.340295,-0.174874,0.173340
0.0335,0.016765,-0.331517,0.331517,-0.176408,0.174874
0.0503,0.016818,-0.322711,0.322711,-0.288388,0.280718
0.0671,0.016763,-0.313934,0.313934,-0.288388,0.280718
0.0839,0.016759,-0.305160,0.305160,-0.334408,0.326738
0.1006,0.016764,-0.296382,0.296382,-0.319068,0.316000
0.1175,0.016847,-0.287561,0.287561,-0.323670,0.320602
0.1342,0.016768,-0.278782,0.278782,-0.328272,0.323670
0.1510,0.016771,-0.270000,0.270000,-0.300660,0.299126
0.1678,0.016787,-0.261211,0.261211,-0.300660,0.299126
0.1845,0.016753,-0.252439,0.252439,-0.299126,0.297592
0.2013,0.016754,-0.243667,0.243667,-0.274583,0.279185
0.2182,0.016930,-0.234802,0.234802,-0.269981,0.271515
0.2350,0.016756,-0.226029,0.226029,-0.263845,0.262311
0.2518,0.016769,-0.217249,0.217249,-0.243903,0.242369
0.2685,0.016759,-0.208474,0.208474,-0.243903,0.242369
0.2853,0.016768,-0.199694,0.199694,-0.245437,0.243903
0.3020,0.016763,-0.190917,0.190917,-0.231631,0.231631
0.3193,0.017234,-0.181894,0.181894,-0.217825,0.217825
0.3360,0.016758,-0.173119,0.173119,-0.208621,0.208621
0.3528,0.016769,-0.164339,0.164339,-0.191748,0.190214
0.3696,0.016759,-0.155564,0.155564,-0.191748,0.190214
0.3863,0.016760,-0.146789,0.146789,-0.188680,0.185612
0.4031,0.016754,-0.138016,0.138016,-0.182544,0.177942
0.4200,0.016934,-0.129150,0.129150,-0.167204,0.162602
0.4368,0.016757,-0.120376,0.120376,-0.162602,0.159534
0.4539,0.017139,-0.111402,0.111402,-0.142660,0.144194
0.4707,0.016806,-0.102603,0.102603,-0.142660,0.144194
0.4875,0.016756,-0.093829,0.093829,-0.134990,0.133456
0.5042,0.016754,-0.085057,0.085057,-0.124252,0.124252
0.5210,0.016755,-0.076284,0.076284,-0.111981,0.108913
0.5377,0.016759,-0.067509,0.067509,-0.107379,0.102777
0.5545,0.016763,-0.058732,0.058732,-0.092039,0.090505
0.5731,0.018617,-0.048984,0.048984,-0.092039,0.090505
0.5899,0.016754,-0.040212,0.040212,-0.078233,0.076699
0.6066,0.016754,-0.031439,0.031439,-0.073631,0.078233
0.6234,0.016757,-0.022665,0.022665,-0.059825,0.065961
0.6401,0.016765,-0.013887,0.013887,-0.050621,0.053689
0.6569,0.016772,-0.005105,0.005105,-0.050621,0.053689
0.6737,0.016774,-0.003678,0.003678,-0.036816,0.039884
0.6904,0.016752,-0.012449,0.012449,-0.021476,0.024544
0.7072,0.016755,-0.021222,0.021222,-0.016874,0.019942
0.7240,0.016759,-0.029997,0.029997,-0.010738,0.012272
0.7407,0.016764,-0.038775,0.038775,-0.006136,0.004602
0.7575,0.016768,-0.047555,0.047555,-0.006136,0.004602
0.7742,0.016754,-0.056327,0.056327,-0.019942,0.021476
0.7910,0.016762,-0.065104,0.065104,-0.029146,0.026078
0.8080,0.017018,-0.074015,0.074015,-0.029146,0.032214
0.8248,0.016766,-0.082793,0.082793,-0.046019,0.047553
0.8422,0.017399,-0.091903,0.091903,-0.058291,0.053689
0.8590,0.016765,-0.100681,0.100681,-0.058291,0.053689
0.8757,0.016749,-0.109451,0.109451,-0.067495,0.065961
0.8925,0.016759,-0.118226,0.118226,-0.081301,0.076699
0.9092,0.016753,-0.126998,0.126998,-0.084369,0.081301
0.9260,0.016762,-0.135775,0.135775,-0.095107,0.096641
0.9427,0.016749,-0.144544,0.144544,-0.108913,0.102777
0.9604,0.017649,-0.153785,0.153785,-0.108913,0.102777
0.9771,0.016755,-0.162558,0.162558,-0.118117,0.113515
0.9939,0.016762,-0.171335,0.171335,-0.136524,0.133456
1.0106,0.016748,-0.180104,0.180104,-0.139592,0.138058
1.0274,0.016767,-0.188883,0.188883,-0.145728,0.145728
1.0442,0.016760,-0.197659,0.197659,-0.165670,0.159534
1.0609,0.016777,-0.206443,0.206443,-0.165670,0.159534
1.0777,0.016760,-0.215219,0.215219,-0.171806,0.170272
1.0945,0.016766,-0.223998,0.223998,-0.191748,0.191748
1.1112,0.016763,-0.232775,0.232775,-0.197884,0.197884
1.1284,0.017201,-0.241781,0.241781,-0.217825,0.217825
1.1452,0.016753,-0.250553,0.250553,-0.225495,0.227029
1.1620,0.016766,-0.259332,0.259332,-0.225495,0.227029
1.1787,0.016752,-0.268104,0.268104,-0.230097,0.231631
1.1955,0.016763,-0.276881,0.276881,-0.245437,0.243903
1.2122,0.016749,-0.285650,0.285650,-0.251573,0.250039
1.2290,0.016771,-0.294431,0.294431,-0.268447,0.265379
1.2459,0.016934,-0.303298,0.303298,-0.279185,0.276117
1.2627,0.016765,-0.312076,0.312076,-0.279185,0.276117
1.2794,0.016758,-0.320850,0.320850,-0.283786,0.279185
1.2962,0.016751,-0.329621,0.329621,-0.303728,0.294524
1.3130,0.016754,-0.338394,0.338394,-0.306796,0.305262
1.3297,0.016759,-0.347169,0.347169,-0.322136,0.317534
1.3465,0.016768,-0.342183,0.342183,-0.331340,0.325204
1.3632,0.016766,-0.333404,0.333404,-0.331340,0.325204
1.3800,0.016754,-0.324632,0.324632,-0.332874,0.334408
1.3968,0.016755,-0.315859,0.315859,-0.348214,0.346680
1.4135,0.016752,-0.307087,0.307087,-0.349748,0.343612
1.4303,0.016756,-0.298314,0.298314,-0.325204,0.323670
1.4470,0.016758,-0.289539,0.289539,-0.322136,0.323670
1.4638,0.016760,-0.280763,0.280763,-0.322136,0.323670
1.4805,0.016749,-0.271994,0.271994,-0.312932,0.314466
1.4973,0.016759,-0.263219,0.263219,-0.303728,0.300660
1.5140,0.016752,-0.254447,0.254447,-0.286854,0.289922
1.5308,0.016766,-0.245668,0.245668,-0.271515,0.276117
1.5476,0.016756,-0.236895,0.236895,-0.271515,0.276117
1.5643,0.016761,-0.228119,0.228119,-0.269981,0.268447
1.5811,0.016758,-0.219345,0.219345,-0.262311,0.257709
1.5978,0.016762,-0.210568,0.210568,-0.248505,0.243903
1.6147,0.016855,-0.201743,0.201743,-0.234699,0.234699
1.6315,0.016760,-0.192967,0.192967,-0.234699,0.234699
1.6482,0.016747,-0.184198,0.184198,-0.220893,0.223961
1.6650,0.016758,-0.175424,0.175424,-0.213223,0.216291
1.6817,0.016752,-0.166653,0.166653,-0.205553,0.207087
1.6985,0.016752,-0.157881,0.157881,-0.194816,0.193282
1.7152,0.016755,-0.149108,0.149108,-0.190214,0.185612
1.7320,0.016761,-0.140332,0.140332,-0.190214,0.185612
1.7487,0.016756,-0.131559,0.131559,-0.176408,0.174874
1.7655,0.016751,-0.122788,0.122788,-0.162602,0.161068
1.7826,0.017070,-0.113850,0.113850,-0.154932,0.156466
1.7993,0.016756,-0.105077,0.105077,-0.136524,0.141126
1.8161,0.016749,-0.096307,0.096307,-0.130388,0.128854
1.8328,0.016764,-0.087530,0.087530,-0.130388,0.128854
1.8496,0.016753,-0.078758,0.078758,-0.121184,0.119651
1.8663,0.016752,-0.069986,0.069986,-0.107379,0.102777
1.8835,0.017198,-0.060982,0.060982,-0.102777,0.096641
1.9003,0.016761,-0.052206,0.052206,-0.088971,0.085903
1.9171,0.016794,-0.043412,0.043412,-0.073631,0.069029
1.9339,0.016766,-0.034633,0.034633,-0.073631,0.069029
1.9506,0.016755,-0.025860,0.025860,-0.067495,0.064427
1.9674,0.016748,-0.017091,0.017091,-0.056757,0.056757
1.9841,0.016750,-0.008321,0.008321,-0.047553,0.044485
2.0009,0.016767,-0.000458,0.000458,-0.036816,0.035282
2.0176,0.016749,-0.009228,0.009228,-0.019942,0.023010
2.0344,0.016754,-0.018001,0.018001,-0.019942,0.023010
2.0511,0.016753,-0.026773,0.026773,-0.012272,0.012272
2.0679,0.016752,-0.035544,0.035544,-0.006136,0.007670
2.0848,0.016941,-0.044415,0.044415,0.001534,0.004602
2.1016,0.016762,-0.053191,0.053191,-0.013806,0.016874
2.1186,0.016979,-0.062081,0.062081,-0.030680,0.030680
2.1353,0.016759,-0.070856,0.070856,-0.030680,0.030680
2.1521,0.016758,-0.079630,0.079630,-0.033748,0.036816
2.1688,0.016764,-0.088408,0.088408,-0.047553,0.047553
2.1857,0.016878,-0.097245,0.097245,-0.058291,0.056757
2.2036,0.017842,-0.106587,0.106587,-0.065961,0.067495
2.2207,0.017105,-0.115543,0.115543,-0.088971,0.087437
2.2376,0.016966,-0.124427,0.124427,-0.090505,0.096641
2.2544,0.016746,-0.133195,0.133195,-0.090505,0.096641
2.2711,0.016759,-0.141970,0.141970,-0.096641,0.098175
2.2879,0.016760,-0.150745,0.150745,-0.115049,0.118117
2.3047,0.016762,-0.159522,0.159522,-0.119651,0.122718
2.3214,0.016752,-0.168293,0.168293,-0.134990,0.131922
2.3382,0.016760,-0.177069,0.177069,-0.134990,0.131922
2.3549,0.016756,-0.185842,0.185842,-0.144194,0.151864
2.3717,0.016738,-0.194606,0.194606,-0.156466,0.153398
2.3884,0.016764,-0.203383,0.203383,-0.173340,0.176408
2.4052,0.016752,-0.212155,0.212155,-0.187146,0.185612
2.4220,0.016769,-0.220935,0.220935,-0.196350,0.199418
2.4387,0.016754,-0.229708,0.229708,-0.196350,0.199418
2.4555,0.016755,-0.238480,0.238480,-0.200951,0.204019
2.4722,0.016759,-0.247255,0.247255,-0.219359,0.211689
2.4890,0.016761,-0.256031,0.256031,-0.222427,0.227029
2.5057,0.016753,-0.264803,0.264803,-0.236233,0.236233
2.5225,0.016770,-0.273583,0.273583,-0.250039,0.250039
2.5393,0.016759,-0.282359,0.282359,-0.250039,0.250039
2.5560,0.016756,-0.291132,0.291132,-0.253107,0.257709
2.5728,0.016757,-0.299906,0.299906,-0.268447,0.257709
2.5895,0.016756,-0.308679,0.308679,-0.280718,0.277651
2.6063,0.016758,-0.317453,0.317453,-0.286854,0.289922
2.6231,0.016773,-0.326236,0.326236,-0.286854,0.289922
2.6398,0.016763,-0.335013,0.335013,-0.308330,0.297592
2.6566,0.016767,-0.343792,0.343792,-0.311398,0.309864
2.6734,0.016765,-0.345561,0.345561,-0.319068,0.317534
2.6901,0.016770,-0.336781,0.336781,-0.334408,0.334408
2.7069,0.016786,-0.327992,0.327992,-0.334408,0.334408
2.7237,0.016756,-0.319219,0.319219,-0.343612,0.340544
2.7404,0.016757,-0.310444,0.310444,-0.348214,0.339010
2.7572,0.016755,-0.301671,0.301671,-0.340544,0.337476
2.7739,0.016760,-0.292896,0.292896,-0.326738,0.323670
2.7909,0.016916,-0.284039,0.284039,-0.314466,0.312932
2.8091,0.018231,-0.274493,0.274493,-0.302194,0.302194
2.8274,0.018270,-0.264927,0.264927,-0.302194,0.302194
2.8441,0.016749,-0.256157,0.256157,-0.292990,0.288388
2.8609,0.016760,-0.247382,0.247382,-0.286854,0.288388
2.8776,0.016758,-0.238607,0.238607,-0.277651,0.279185
2.8944,0.016753,-0.229835,0.229835,-0.263845,0.262311
2.9113,0.016871,-0.221002,0.221002,-0.254641,0.256175
2.9280,0.016761,-0.212226,0.212226,-0.254641,0.256175
2.9448,0.016754,-0.203453,0.203453,-0.242369,0.246971
2.9615,0.016764,-0.194676,0.194676,-0.230097,0.234699
2.9783,0.016759,-0.185900,0.185900,-0.227029,0.223961
2.9950,0.016750,-0.177130,0.177130,-0.213223,0.210155
3.0118,0.016769,-0.168350,0.168350,-0.199418,0.194816
3.0286,0.016765,-0.159572,0.159572,-0.199418,0.194816
3.0453,0.016754,-0.150800,0.150800,-0.190214,0.191748
3.0621,0.016757,-0.142026,0.142026,-0.177942,0.181010
3.0788,0.016764,-0.133248,0.133248,-0.173340,0.170272
3.0956,0.016756,-0.124475,0.124475,-0.159534,0.156466
3.1124,0.016762,-0.115698,0.115698,-0.144194,0.141126
3.1291,0.016766,-0.106920,0.106920,-0.144194,0.141126
3.1459,0.016751,-0.098149,0.098149,-0.141126,0.136524
3.1626,0.016758,-0.089374,0.089374,-0.130388,0.128854
3.1795,0.016865,-0.080544,0.080544,-0.121184,0.113515
3.1962,0.016715,-0.071792,0.071792,-0.105845,0.102777
3.2130,0.016760,-0.063017,0.063017,-0.092039,0.092039
3.2297,0.016757,-0.054243,0.054243,-0.092039,0.092039
3.2465,0.016753,-0.045471,0.045471,-0.088971,0.082835
3.2633,0.016761,-0.036695,0.036695,-0.076699,0.075165
3.2800,0.016760,-0.027919,0.027919,-0.064427,0.064427
3.2968,0.016759,-0.019144,0.019144,-0.052155,0.050621
3.3135,0.016760,-0.010369,0.010369,-0.052155,0.050621
3.3303,0.016759,-0.001594,0.001594,-0.033748,0.038350
3.3470,0.016747,-0.007175,0.007175,-0.032214,0.030680
3.3638,0.016762,-0.015952,0.015952,-0.024544,0.026078
3.3805,0.016751,-0.024723,0.024723,-0.003068,0.007670
3.3973,0.016757,-0.033496,0.033496,-0.004602,0.004602
3.4141,0.016753,-0.042268,0.042268,-0.004602,0.004602
3.4308,0.016756,-0.051041,0.051041,-0.013806,0.018408
3.4476,0.016755,-0.059814,0.059814,-0.018408,0.021476
3.4643,0.016766,-0.068593,0.068593,-0.027612,0.027612
3.4812,0.016893,-0.077438,0.077438,-0.042951,0.044485
3.4981,0.016890,-0.086282,0.086282,-0.053689,0.053689
3.5149,0.016762,-0.095059,0.095059,-0.053689,0.053689
3.5316,0.016756,-0.103832,0.103832,-0.059825,0.064427
3.5484,0.016749,-0.112602,0.112602,-0.070563,0.078233
3.5651,0.016762,-0.121378,0.121378,-0.084369,0.082835
3.5820,0.016849,-0.130201,0.130201,-0.090505,0.093573
3.5989,0.016880,-0.139039,0.139039,-0.105845,0.110447
3.6156,0.016762,-0.147815,0.147815,-0.105845,0.110447
3.6324,0.016747,-0.156584,0.156584,-0.116583,0.116583
3.6491,0.016757,-0.165358,0.165358,-0.124252,0.122718
3.6659,0.016761,-0.174134,0.174134,-0.142660,0.141126
3.6827,0.016762,-0.182911,0.182911,-0.145728,0.148796
3.6997,0.016988,-0.191806,0.191806,-0.145728,0.148796
3.7164,0.016758,-0.200580,0.200580,-0.158000,0.154932
3.7332,0.016757,-0.209354,0.209354,-0.170272,0.173340
3.7499,0.016755,-0.218127,0.218127,-0.177942,0.179476
3.7667,0.016767,-0.226906,0.226906,-0.191748,0.184078
3.7835,0.016760,-0.235681,0.235681,-0.197884,0.202485
3.8002,0.016771,-0.244463,0.244463,-0.211689,0.211689
3.8170,0.016759,-0.253238,0.253238,-0.211689,0.211689
3.8338,0.016802,-0.262035,0.262035,-0.220893,0.228563
3.8506,0.016767,-0.270815,0.270815,-0.225495,0.231631
3.8673,0.016760,-0.279590,0.279590,-0.245437,0.236233
3.8841,0.016755,-0.288363,0.288363,-0.248505,0.246971
3.9009,0.016787,-0.297153,0.297153,-0.263845,0.257709
3.9176,0.016754,-0.305925,0.305925,-0.263845,0.257709
3.9344,0.016826,-0.314735,0.314735,-0.274583,0.276117
3.9512,0.016753,-0.323507,0.323507,-0.277651,0.285320
3.9679,0.016757,-0.332281,0.332281,-0.296058,0.285320
3.9847,0.016751,-0.341052,0.341052,-0.303728,0.305262
4.0015,0.016768,-0.348300,0.348300,-0.308330,0.317534
4.0182,0.016764,-0.339523,0.339523,-0.308330,0.317534
4.0350,0.016755,-0.330749,0.330749,-0.326738,0.322136
4.0517,0.016757,-0.321975,0.321975,-0.337476,0.334408
4.0685,0.016763,-0.313198,0.313198,-0.346680,0.345146
4.0853,0.016754,-0.304426,0.304426,-0.335942,0.334408
4.1020,0.016772,-0.295644,0.295644,-0.335942,0.334408
4.1188,0.016760,-0.286868,0.286868,-0.323670,0.319068
4.1356,0.016763,-0.278091,0.278091,-0.314466,0.314466
4.1526,0.017060,-0.269159,0.269159,-0.300660,0.303728
4.1694,0.016756,-0.260385,0.260385,-0.292990,0.292990
4.1862,0.016793,-0.251593,0.251593,-0.280718,0.279185
4.2029,0.016764,-0.242815,0.242815,-0.280718,0.279185
4.2197,0.016760,-0.234039,0.234039,-0.268447,0.265379
4.2364,0.016757,-0.225266,0.225266,-0.260777,0.263845
4.2532,0.016767,-0.216487,0.216487,-0.250039,0.254641
4.2700,0.016757,-0.207713,0.207713,-0.239301,0.239301
4.2869,0.016893,-0.198868,0.198868,-0.228563,0.228563
4.3037,0.016868,-0.190036,0.190036,-0.228563,0.228563
4.3205,0.016759,-0.181261,0.181261,-0.213223,0.214757
4.3372,0.016759,-0.172486,0.172486,-0.207087,0.205553
4.3540,0.016761,-0.163710,0.163710,-0.199418,0.196350
4.3708,0.016758,-0.154936,0.154936,-0.188680,0.185612
4.3879,0.017118,-0.145973,0.145973,-0.179476,0.174874
4.4046,0.016760,-0.137197,0.137197,-0.179476,0.174874
4.4214,0.016758,-0.128423,0.128423,-0.170272,0.162602
4.4382,0.016773,-0.119640,0.119640,-0.156466,0.153398
4.4549,0.016738,-0.110876,0.110876,-0.145728,0.145728
4.4717,0.016776,-0.102092,0.102092,-0.131922,0.133456
4.4885,0.016768,-0.093313,0.093313,-0.119651,0.122718
4.5052,0.016761,-0.084536,0.084536,-0.119651,0.122718
4.5220,0.016754,-0.075764,0.075764,-0.113515,0.115049
4.5388,0.016789,-0.066973,0.066973,-0.102777,0.104311
4.5556,0.016859,-0.058146,0.058146,-0.090505,0.090505
4.5724,0.016761,-0.049370,0.049370,-0.078233,0.079767
4.5893,0.016916,-0.040513,0.040513,-0.064427,0.070563
4.6061,0.016760,-0.031737,0.031737,-0.064427,0.070563
4.6228,0.016754,-0.022965,0.022965,-0.059825,0.061359
4.6396,0.016797,-0.014169,0.014169,-0.050621,0.052155
4.6564,0.016765,-0.005391,0.005391,-0.038350,0.038350
4.6731,0.016763,-0.003386,0.003386,-0.026078,0.026078
4.6899,0.016770,-0.012166,0.012166,-0.026078,0.026078
4.7067,0.016805,-0.020965,0.020965,-0.015340,0.016874
4.7235,0.016757,-0.029740,0.029740,-0.009204,0.009204
4.7402,0.016763,-0.038517,0.038517,-0.003068,0.003068
4.7570,0.016763,-0.047294,0.047294,-0.012272,0.013806
4.7738,0.016779,-0.056079,0.056079,-0.032214,0.029146
4.7907,0.016954,-0.064957,0.064957,-0.032214,0.029146
4.8075,0.016780,-0.073743,0.073743,-0.035282,0.035282
4.8243,0.016771,-0.082524,0.082524,-0.038350,0.044485
4.8411,0.016796,-0.091318,0.091318,-0.058291,0.056757
4.8580,0.016977,-0.100207,0.100207,-0.062893,0.065961
4.8748,0.016776,-0.108991,0.108991,-0.062893,0.065961
4.8925,0.017641,-0.118228,0.118228,-0.072097,0.078233
4.9092,0.016748,-0.126997,0.126997,-0.084369,0.088971
4.9260,0.016766,-0.135776,0.135776,-0.092039,0.096641
4.9427,0.016767,-0.144556,0.144556,-0.107379,0.110447
4.9595,0.016783,-0.153343,0.153343,-0.119651,0.119651
4.9763,0.016761,-0.162119,0.162119,-0.133456,0.130388
4.9931,0.016780,-0.170905,0.170905,-0.133456,0.130388
5.0098,0.016771,-0.179687,0.179687,-0.144194,0.145728
5.0266,0.016763,-0.188464,0.188464,-0.148796,0.150330
5.0434,0.016763,-0.197240,0.197240,-0.158000,0.156466
5.0601,0.016758,-0.206015,0.206015,-0.170272,0.174874
5.0769,0.016766,-0.214794,0.214794,-0.181010,0.182544
5.0937,0.016768,-0.223573,0.223573,-0.181010,0.182544
5.1104,0.016752,-0.232345,0.232345,-0.194816,0.187146
5.1272,0.016761,-0.241121,0.241121,-0.204019,0.199418
5.1439,0.016764,-0.249899,0.249899,-0.213223,0.210155
5.1611,0.017138,-0.258872,0.258872,-0.230097,0.220893
5.1779,0.016793,-0.267665,0.267665,-0.230097,0.220893
5.1946,0.016767,-0.276444,0.276444,-0.237767,0.237767
5.2114,0.016755,-0.285217,0.285217,-0.243903,0.245437
5.2281,0.016755,-0.293990,0.293990,-0.259243,0.253107
5.2449,0.016761,-0.302766,0.302766,-0.263845,0.265379
5.2617,0.016752,-0.311537,0.311537,-0.276117,0.274583
5.2784,0.016763,-0.320314,0.320314,-0.289922,0.294524
5.2952,0.016757,-0.329088,0.329088,-0.289922,0.294524
5.3119,0.016750,-0.337859,0.337859,-0.299126,0.300660
5.3287,0.016763,-0.346636,0.346636,-0.303728,0.302194
5.3454,0.016757,-0.342722,0.342722,-0.320602,0.316000
5.3627,0.017244,-0.333693,0.333693,-0.326738,0.325204
5.3795,0.016764,-0.324915,0.324915,-0.326738,0.325204
5.3962,0.016759,-0.316140,0.316140,-0.337476,0.342078
5.4130,0.016756,-0.307367,0.307367,-0.345146,0.342078
5.4297,0.016752,-0.298596,0.298596,-0.332874,0.329806
5.4465,0.016758,-0.289821,0.289821,-0.332874,0.332874
5.4632,0.016757,-0.281047,0.281047,-0.325204,0.323670
5.4800,0.016774,-0.272264,0.272264,-0.325204,0.323670
5.4968,0.016756,-0.263491,0.263491,-0.303728,0.306796
5.5135,0.016756,-0.254718,0.254718,-0.305262,0.299126
5.5303,0.016759,-0.245943,0.245943,-0.277651,0.282252
5.5470,0.016755,-0.237170,0.237170,-0.271515,0.268447
5.5639,0.016821,-0.228362,0.228362,-0.253107,0.253107
5.5806,0.016765,-0.219584,0.219584,-0.253107,0.253107
5.5974,0.016767,-0.210805,0.210805,-0.246971,0.246971
5.6142,0.016772,-0.202023,0.202023,-0.237767,0.236233
5.6314,0.017236,-0.192999,0.192999,-0.220893,0.222427
5.6482,0.016770,-0.184218,0.184218,-0.219359,0.217825
5.6649,0.016768,-0.175438,0.175438,-0.205553,0.204019
5.6817,0.016768,-0.166659,0.166659,-0.205553,0.204019
5.6985,0.016759,-0.157884,0.157884,-0.193282,0.191748
5.7152,0.016763,-0.149107,0.149107,-0.188680,0.187146
5.7320,0.016759,-0.140332,0.140332,-0.171806,0.174874
5.7487,0.016757,-0.131558,0.131558,-0.165670,0.164136
5.7655,0.016770,-0.122777,0.122777,-0.158000,0.156466
5.7823,0.016765,-0.113999,0.113999,-0.158000,0.156466
5.7991,0.016787,-0.105209,0.105209,-0.141126,0.144194
5.8158,0.016762,-0.096432,0.096432,-0.136524,0.134990
5.8326,0.016761,-0.087656,0.087656,-0.124252,0.122718
5.8493,0.016755,-0.078883,0.078883,-0.108913,0.102777
5.8661,0.016770,-0.070103,0.070103,-0.096641,0.096641
5.8829,0.016764,-0.061325,0.061325,-0.096641,0.096641
5.8996,0.016757,-0.052551,0.052551,-0.090505,0.090505
5.9164,0.016751,-0.043781,0.043781,-0.081301,0.078233
5.9331,0.016747,-0.035012,0.035012,-0.069029,0.070563
5.9499,0.016754,-0.026240,0.026240,-0.053689,0.056757
5.9667,0.016771,-0.017458,0.017458,-0.053689,0.056757
5.9834,0.016763,-0.008681,0.008681,-0.044485,0.039884
6.0002,0.016750,-0.000089,0.000089,-0.033748,0.036816
6.0169,0.016752,-0.008860,0.008860,-0.019942,0.026078
6.0337,0.016754,-0.017633,0.017633,-0.012272,0.010738
6.0505,0.016846,-0.026453,0.026453,-0.003068,0.003068
6.0673,0.016761,-0.035230,0.035230,-0.003068,0.003068
6.0840,0.016758,-0.044004,0.044004,-0.009204,0.009204
6.1008,0.016753,-0.052776,0.052776,-0.023010,0.021476
6.1176,0.016813,-0.061579,0.061579,-0.024544,0.026078
6.1344,0.016756,-0.070352,0.070352,-0.033748,0.038350
6.1513,0.016974,-0.079240,0.079240,-0.053689,0.056757
6.1681,0.016761,-0.088016,0.088016,-0.053689,0.056757
6.1849,0.016758,-0.096790,0.096790,-0.055223,0.059825
6.2016,0.016760,-0.105566,0.105566,-0.064427,0.067495
6.2184,0.016767,-0.114345,0.114345,-0.078233,0.081301
6.2351,0.016752,-0.123116,0.123116,-0.085903,0.090505
6.2522,0.017046,-0.132042,0.132042,-0.102777,0.102777
6.2689,0.016765,-0.140820,0.140820,-0.102777,0.102777
6.2857,0.016752,-0.149591,0.149591,-0.111981,0.113515
6.3025,0.016758,-0.158366,0.158366,-0.121184,0.118117
6.3192,0.016756,-0.167139,0.167139,-0.134990,0.131922
6.3360,0.016756,-0.175913,0.175913,-0.142660,0.145728
6.3528,0.016871,-0.184746,0.184746,-0.153398,0.154932
6.3696,0.016763,-0.193523,0.193523,-0.153398,0.154932
6.3864,0.016754,-0.202296,0.202296,-0.164136,0.164136
6.4031,0.016762,-0.211072,0.211072,-0.170272,0.174874
6.4199,0.016757,-0.219846,0.219846,-0.188680,0.184078
6.4367,0.016778,-0.228631,0.228631,-0.194816,0.193282
6.4534,0.016756,-0.237405,0.237405,-0.194816,0.193282
6.4702,0.016751,-0.246175,0.246175,-0.204019,0.211689
6.4869,0.016756,-0.254949,0.254949,-0.219359,0.219359
6.5037,0.016759,-0.263724,0.263724,-0.223961,0.222427
6.5204,0.016756,-0.272497,0.272497,-0.236233,0.242369
6.5372,0.016768,-0.281277,0.281277,-0.236233,0.242369
6.5540,0.016758,-0.290052,0.290052,-0.250039,0.251573
6.5707,0.016759,-0.298827,0.298827,-0.256175,0.254641
6.5875,0.016762,-0.307603,0.307603,-0.273049,0.269981
6.6043,0.016837,-0.316419,0.316419,-0.277651,0.279185
6.6211,0.016764,-0.325197,0.325197,-0.286854,0.285320
6.6379,0.016774,-0.333980,0.333980,-0.311398,0.300660
6.6546,0.016758,-0.342754,0.342754,-0.311398,0.300660
6.6714,0.016769,-0.346597,0.346597,-0.314466,0.312932
6.6881,0.016758,-0.337823,0.337823,-0.322136,0.319068
6.7049,0.016738,-0.329059,0.329059,-0.331340,0.328272
6.7216,0.016759,-0.320284,0.320284,-0.334408,0.337476
6.7384,0.016806,-0.311484,0.311484,-0.334408,0.337476
6.7552,0.016759,-0.302709,0.302709,-0.339010,0.337476
6.7720,0.016762,-0.293933,0.293933,-0.328272,0.325204
6.7888,0.016837,-0.285117,0.285117,-0.325204,0.320602
6.8056,0.016769,-0.276337,0.276337,-0.325204,0.320602
6.8223,0.016762,-0.267560,0.267560,-0.308330,0.308330
6.8391,0.016765,-0.258782,0.258782,-0.296058,0.297592
6.8559,0.016758,-0.250008,0.250008,-0.285320,0.288388
6.8726,0.016763,-0.241231,0.241231,-0.271515,0.274583
6.8894,0.016763,-0.232453,0.232453,-0.265379,0.266913
6.9062,0.016773,-0.223671,0.223671,-0.265379,0.266913
6.9229,0.016772,-0.214890,0.214890,-0.251573,0.253107
6.9397,0.016756,-0.206116,0.206116,-0.240835,0.240835
6.9565,0.016790,-0.197325,0.197325,-0.234699,0.236233
6.9732,0.016761,-0.188549,0.188549,-0.217825,0.222427
6.9905,0.017286,-0.179498,0.179498,-0.211689,0.213223
7.0077,0.017183,-0.170501,0.170501,-0.200951,0.200951
7.0251,0.017354,-0.161414,0.161414,-0.200951,0.200951
7.0418,0.016755,-0.152641,0.152641,-0.188680,0.188680
7.0586,0.016759,-0.143866,0.143866,-0.184078,0.185612
7.0753,0.016757,-0.135092,0.135092,-0.174874,0.174874
7.0921,0.016752,-0.126321,0.126321,-0.161068,0.161068
7.1088,0.016767,-0.117542,0.117542,-0.147262,0.150330
7.1256,0.016763,-0.108764,0.108764,-0.147262,0.150330
7.1424,0.016753,-0.099992,0.099992,-0.133456,0.141126
7.1591,0.016765,-0.091214,0.091214,-0.130388,0.128854
7.1759,0.016760,-0.082439,0.082439,-0.121184,0.118117
7.1926,0.016758,-0.073664,0.073664,-0.104311,0.101243
7.2094,0.016754,-0.064892,0.064892,-0.096641,0.092039
7.2262,0.016774,-0.056109,0.056109,-0.096641,0.092039
7.2429,0.016753,-0.047337,0.047337,-0.087437,0.084369
7.2597,0.016758,-0.038563,0.038563,-0.073631,0.073631
7.2764,0.016762,-0.029787,0.029787,-0.069029,0.064427
7.2932,0.016771,-0.021005,0.021005,-0.050621,0.049087
7.3100,0.016776,-0.012222,0.012222,-0.050621,0.049087
7.3268,0.016769,-0.003441,0.003441,-0.036816,0.036816
7.3435,0.016750,-0.005329,0.005329,-0.036816,0.032214
7.3605,0.017022,-0.014242,0.014242,-0.026078,0.023010
7.3773,0.016754,-0.023014,0.023014,-0.013806,0.007670
7.3941,0.016769,-0.031794,0.031794,-0.012272,0.006136
7.4108,0.016756,-0.040568,0.040568,-0.012272,0.006136
7.4276,0.016767,-0.049347,0.049347,-0.012272,0.013806
7.4443,0.016758,-0.058122,0.058122,-0.021476,0.021476
7.4612,0.016814,-0.066926,0.066926,-0.035282,0.032214
7.4780,0.016852,-0.075749,0.075749,-0.038350,0.039884
7.4948,0.016841,-0.084567,0.084567,-0.047553,0.047553
7.5116,0.016763,-0.093344,0.093344,-0.047553,0.047553
7.5284,0.016758,-0.102118,0.102118,-0.067495,0.067495
7.5451,0.016752,-0.110890,0.110890,-0.073631,0.075165
7.5619,0.016765,-0.119668,0.119668,-0.079767,0.078233
7.5786,0.016750,-0.128438,0.128438,-0.099709,0.098175
7.5954,0.016808,-0.137239,0.137239,-0.110447,0.105845
7.6122,0.016764,-0.146016,0.146016,-0.110447,0.105845
7.6290,0.016756,-0.154790,0.154790,-0.116583,0.118117
7.6457,0.016757,-0.163564,0.163564,-0.130388,0.125786
7.6625,0.016761,-0.172340,0.172340,-0.136524,0.131922
7.6792,0.016752,-0.181111,0.181111,-0.145728,0.147262
7.6960,0.016764,-0.189889,0.189889,-0.162602,0.161068
7.7128,0.016758,-0.198663,0.198663,-0.162602,0.161068
7.7295,0.016760,-0.207438,0.207438,-0.167204,0.167204
7.7463,0.016763,-0.216216,0.216216,-0.179476,0.179476
7.7630,0.016753,-0.224987,0.224987,-0.188680,0.188680
7.7798,0.016766,-0.233766,0.233766,-0.200951,0.199418
7.7967,0.016889,-0.242609,0.242609,-0.200951,0.199418
7.8134,0.016758,-0.251384,0.251384,-0.219359,0.216291
7.8302,0.016759,-0.260159,0.260159,-0.222427,0.220893
7.8470,0.016760,-0.268934,0.268934,-0.227029,0.227029
7.8638,0.016808,-0.277735,0.277735,-0.243903,0.245437
7.8805,0.016766,-0.286513,0.286513,-0.251573,0.254641
7.8973,0.016759,-0.295289,0.295289,-0.251573,0.254641
7.9141,0.016759,-0.304064,0.304064,-0.263845,0.262311
7.9308,0.016754,-0.312836,0.312836,-0.273049,0.271515
7.9476,0.016768,-0.321616,0.321616,-0.274583,0.279185
7.9643,0.016759,-0.330391,0.330391,-0.296058,0.294524
7.9811,0.016767,-0.339170,0.339170,-0.306796,0.306796
7.9979,0.016758,-0.347944,0.347944,-0.306796,0.306796
8.0146,0.016761,-0.341411,0.341411,-0.326738,0.326738
8.0314,0.016782,-0.332624,0.332624,-0.326738,0.326738
8.0482,0.016765,-0.323846,0.323846,-0.332874,0.329806
8.0649,0.016759,-0.315071,0.315071,-0.340544,0.337476
8.0817,0.016763,-0.306294,0.306294,-0.340544,0.337476
8.0985,0.016776,-0.297510,0.297510,-0.329806,0.329806
8.1152,0.016754,-0.288738,0.288738,-0.325204,0.325204
8.1320,0.016756,-0.279965,0.279965,-0.317534,0.316000
8.1487,0.016764,-0.271187,0.271187,-0.302194,0.302194
8.1655,0.016755,-0.262414,0.262414,-0.292990,0.294524
8.1823,0.016770,-0.253633,0.253633,-0.292990,0.294524
8.1990,0.016772,-0.244852,0.244852,-0.280718,0.282252
8.2158,0.016807,-0.236052,0.236052,-0.271515,0.266913
8.2326,0.016773,-0.227270,0.227270,-0.262311,0.265379
8.2494,0.016804,-0.218471,0.218471,-0.251573,0.256175
8.2662,0.016767,-0.209692,0.209692,-0.242369,0.240835
8.2829,0.016731,-0.200931,0.200931,-0.242369,0.240835
8.2997,0.016756,-0.192158,0.192158,-0.230097,0.227029
8.3164,0.016757,-0.183384,0.183384,-0.217825,0.214757
8.3332,0.016771,-0.174603,0.174603,-0.208621,0.211689
8.3500,0.016761,-0.165827,0.165827,-0.199418,0.197884
8.3667,0.016752,-0.157055,0.157055,-0.188680,0.187146
8.3835,0.016768,-0.148276,0.148276,-0.188680,0.187146
8.4003,0.016773,-0.139493,0.139493,-0.179476,0.171806
8.4170,0.016789,-0.130703,0.130703,-0.168738,0.162602
8.4341,0.017012,-0.121795,0.121795,-0.158000,0.162602
8.4508,0.016754,-0.113023,0.113023,-0.145728,0.150330
8.4676,0.016774,-0.104240,0.104240,-0.134990,0.133456
8.4843,0.016759,-0.095465,0.095465,-0.134990,0.133456
8.5011,0.016752,-0.086693,0.086693,-0.124252,0.127320
8.5178,0.016754,-0.077921,0.077921,-0.110447,0.115049
8.5346,0.016769,-0.069141,0.069141,-0.107379,0.102777
8.5514,0.016756,-0.060367,0.060367,-0.093573,0.087437
8.5681,0.016771,-0.051586,0.051586,-0.079767,0.075165
8.5849,0.016756,-0.042813,0.042813,-0.079767,0.075165
8.6017,0.016757,-0.034039,0.034039,-0.073631,0.070563
8.6184,0.016757,-0.025265,0.025265,-0.062893,0.059825
8.6352,0.016766,-0.016486,0.016486,-0.049087,0.049087
8.6519,0.016756,-0.007713,0.007713,-0.038350,0.038350
8.6687,0.016770,-0.001068,0.001068,-0.026078,0.027612
8.6855,0.016757,-0.009842,0.009842,-0.026078,0.027612
8.7022,0.016754,-0.018615,0.018615,-0.019942,0.019942
8.7190,0.016756,-0.027388,0.027388,-0.010738,0.006136
8.7357,0.016762,-0.036164,0.036164,0.001534,0.000000
8.7525,0.016755,-0.044937,0.044937,-0.013806,0.010738
8.7694,0.016944,-0.053809,0.053809,-0.013806,0.010738
8.7862,0.016759,-0.062584,0.062584,-0.029146,0.024544
8.8029,0.016752,-0.071355,0.071355,-0.026078,0.029146
8.8197,0.016761,-0.080131,0.080131,-0.039884,0.042951
8.8365,0.016765,-0.088910,0.088910,-0.058291,0.055223
8.8533,0.016795,-0.097704,0.097704,-0.059825,0.067495
8.8700,0.016756,-0.106477,0.106477,-0.059825,0.067495
8.8868,0.016746,-0.115245,0.115245,-0.073631,0.078233
8.9035,0.016762,-0.124022,0.124022,-0.085903,0.084369
8.9203,0.016765,-0.132800,0.132800,-0.087437,0.095107
8.9371,0.016774,-0.141583,0.141583,-0.105845,0.111981
8.9538,0.016760,-0.150358,0.150358,-0.105845,0.111981
8.9706,0.016755,-0.159131,0.159131,-0.121184,0.121184
8.9873,0.016752,-0.167902,0.167902,-0.128854,0.130388
9.0041,0.016759,-0.176678,0.176678,-0.148796,0.142660
9.0209,0.016764,-0.185455,0.185455,-0.153398,0.148796
9.0376,0.016768,-0.194235,0.194235,-0.158000,0.158000
9.0544,0.016759,-0.203010,0.203010,-0.158000,0.158000
9.0711,0.016753,-0.211782,0.211782,-0.177942,0.173340
9.0879,0.016756,-0.220555,0.220555,-0.184078,0.181010
9.1051,0.017178,-0.229550,0.229550,-0.191748,0.191748
9.1218,0.016766,-0.238328,0.238328,-0.202485,0.199418
9.1388,0.016960,-0.247208,0.247208,-0.208621,0.208621
9.1556,0.016767,-0.255988,0.255988,-0.208621,0.208621
9.1723,0.016756,-0.264761,0.264761,-0.225495,0.227029
9.1891,0.016762,-0.273537,0.273537,-0.236233,0.236233
9.2058,0.016760,-0.282313,0.282313,-0.239301,0.239301
9.2227,0.016812,-0.291116,0.291116,-0.259243,0.256175
9.2398,0.017157,-0.300099,0.300099,-0.263845,0.265379
9.2566,0.016769,-0.308880,0.308880,-0.263845,0.265379
9.2733,0.016755,-0.317652,0.317652,-0.274583,0.271515
9.2901,0.016757,-0.326427,0.326427,-0.286854,0.286854
9.3069,0.016754,-0.335199,0.335199,-0.292990,0.292990
9.3236,0.016763,-0.343976,0.343976,-0.309864,0.302194
9.3407,0.017053,-0.345227,0.345227,-0.320602,0.320602
9.3574,0.016761,-0.336451,0.336451,-0.320602,0.320602
9.3742,0.016779,-0.327665,0.327665,-0.326738,0.328272
9.3910,0.016757,-0.318892,0.318892,-0.345146,0.335942
9.4078,0.016867,-0.310060,0.310060,-0.345146,0.345146
9.4246,0.016753,-0.301288,0.301288,-0.339010,0.337476
9.4413,0.016753,-0.292516,0.292516,-0.329806,0.326738
9.4581,0.016764,-0.283739,0.283739,-0.329806,0.326738
9.4748,0.016751,-0.274968,0.274968,-0.316000,0.317534
9.4916,0.016757,-0.266194,0.266194,-0.309864,0.306796
9.5084,0.016760,-0.257419,0.257419,-0.299126,0.299126
9.5251,0.016759,-0.248644,0.248644,-0.285320,0.286854
9.5420,0.016844,-0.239824,0.239824,-0.274583,0.274583
9.5587,0.016765,-0.231046,0.231046,-0.274583,0.274583
9.5755,0.016753,-0.222274,0.222274,-0.266913,0.265379
9.5922,0.016762,-0.213497,0.213497,-0.256175,0.256175
9.6091,0.016803,-0.204699,0.204699,-0.245437,0.248505
9.6258,0.016758,-0.195925,0.195925,-0.236233,0.239301
9.6426,0.016756,-0.187152,0.187152,-0.208621,0.216291
9.6593,0.016754,-0.178379,0.178379,-0.208621,0.216291
9.6761,0.016749,-0.169610,0.169610,-0.202485,0.202485
9.6928,0.016754,-0.160837,0.160837,-0.193282,0.191748
9.7096,0.016749,-0.152068,0.152068,-0.185612,0.188680
9.7263,0.016757,-0.143294,0.143294,-0.174874,0.171806
9.7431,0.016770,-0.134513,0.134513,-0.158000,0.161068
9.7599,0.016764,-0.125736,0.125736,-0.158000,0.161068
9.7766,0.016751,-0.116965,0.116965,-0.150330,0.153398
9.7934,0.016755,-0.108192,0.108192,-0.141126,0.141126
9.8101,0.016750,-0.099422,0.099422,-0.130388,0.136524
9.8273,0.017174,-0.090430,0.090430,-0.118117,0.121184
9.8441,0.016762,-0.081653,0.081653,-0.118117,0.121184
9.8608,0.016757,-0.072879,0.072879,-0.102777,0.104311
9.8776,0.016753,-0.064107,0.064107,-0.096641,0.102777
9.8943,0.016760,-0.055332,0.055332,-0.087437,0.088971
9.9111,0.016758,-0.046557,0.046557,-0.072097,0.073631
9.9279,0.016828,-0.037746,0.037746,-0.067495,0.065961
9.9447,0.016762,-0.028969,0.028969,-0.067495,0.065961
9.9614,0.016757,-0.020195,0.020195,-0.056757,0.058291
9.9782,0.016761,-0.011419,0.011419,-0.041417,0.049087
9.9954,0.017226,-0.002400,0.002400,-0.038350,0.036816
10.0122,0.016758,-0.006375,0.006375,-0.024544,0.021476
10.0289,0.016763,-0.015152,0.015152,-0.007670,0.013806
10.0457,0.016767,-0.023931,0.023931,-0.007670,0.013806
10.0625,0.016762,-0.032708,0.032708,-0.007670,0.004602
10.0792,0.016758,-0.041483,0.041483,-0.009204,0.004602
10.0960,0.016765,-0.050261,0.050261,-0.012272,0.013806
10.1128,0.016760,-0.059036,0.059036,-0.027612,0.027612
10.1295,0.016771,-0.067817,0.067817,-0.039884,0.038350
10.1463,0.016756,-0.076591,0.076591,-0.039884,0.038350
10.1630,0.016749,-0.085360,0.085360,-0.047553,0.046019
10.1798,0.016753,-0.094132,0.094132,-0.062893,0.058291
10.1965,0.016756,-0.102906,0.102906,-0.065961,0.067495
10.2133,0.016754,-0.111678,0.111678,-0.078233,0.076699
10.2301,0.016770,-0.120459,0.120459,-0.095107,0.090505
10.2468,0.016756,-0.129232,0.129232,-0.095107,0.090505
10.2636,0.016756,-0.138006,0.138006,-0.101243,0.099709
10.2803,0.016753,-0.146778,0.146778,-0.110447,0.105845
10.2971,0.016757,-0.155552,0.155552,-0.122718,0.119651
10.3138,0.016756,-0.164325,0.164325,-0.133456,0.133456
10.3306,0.016791,-0.173117,0.173117,-0.133456,0.133456
10.3474,0.016770,-0.181897,0.181897,-0.148796,0.141126
10.3642,0.016756,-0.190671,0.190671,-0.156466,0.156466
10.3809,0.016752,-0.199442,0.199442,-0.165670,0.162602
10.3977,0.016760,-0.208218,0.208218,-0.174874,0.171806
10.4148,0.017159,-0.217202,0.217202,-0.188680,0.185612
10.4316,0.016772,-0.225984,0.225984,-0.188680,0.185612
10.4484,0.016761,-0.234760,0.234760,-0.202485,0.196350
10.4651,0.016758,-0.243534,0.243534,-0.207087,0.208621
10.4819,0.016752,-0.252306,0.252306,-0.216291,0.213223
10.4986,0.016765,-0.261084,0.261084,-0.230097,0.225495
10.5154,0.016753,-0.269856,0.269856,-0.239301,0.234699
10.5322,0.016768,-0.278635,0.278635,-0.239301,0.234699
10.5489,0.016753,-0.287407,0.287407,-0.251573,0.243903
10.5657,0.016762,-0.296184,0.296184,-0.259243,0.257709
10.5826,0.016911,-0.305038,0.305038,-0.265379,0.265379
10.5993,0.016765,-0.313817,0.313817,-0.282252,0.279185
10.6161,0.016753,-0.322588,0.322588,-0.296058,0.294524
10.6329,0.016763,-0.331366,0.331366,-0.296058,0.294524
10.6496,0.016756,-0.340139,0.340139,-0.302194,0.299126
10.6664,0.016754,-0.348912,0.348912,-0.316000,0.311398
10.6831,0.016760,-0.340444,0.340444,-0.322136,0.320602
10.6999,0.016758,-0.331670,0.331670,-0.335942,0.328272
10.7167,0.016759,-0.322895,0.322895,-0.354350,0.348214
10.7340,0.017306,-0.313833,0.313833,-0.354350,0.348214
10.7507,0.016754,-0.305061,0.305061,-0.348214,0.345146
10.7674,0.016731,-0.296301,0.296301,-0.331340,0.329806
10.7842,0.016755,-0.287528,0.287528,-0.332874,0.332874
10.8010,0.016759,-0.278753,0.278753,-0.320602,0.317534
10.8177,0.016763,-0.269976,0.269976,-0.303728,0.299126
10.8345,0.016755,-0.261203,0.261203,-0.303728,0.299126
10.8512,0.016758,-0.252428,0.252428,-0.297592,0.294524
10.8680,0.016759,-0.243653,0.243653,-0.283786,0.285320
10.8848,0.016766,-0.234875,0.234875,-0.273049,0.273049
10.9015,0.016759,-0.226100,0.226100,-0.263845,0.263845
10.9183,0.016767,-0.217321,0.217321,-0.245437,0.248505
10.9350,0.016752,-0.208550,0.208550,-0.245437,0.248505
10.9518,0.016751,-0.199779,0.199779,-0.243903,0.240835
10.9685,0.016748,-0.191009,0.191009,-0.236233,0.234699
10.9853,0.016758,-0.182235,0.182235,-0.220893,0.219359
11.0021,0.016761,-0.173459,0.173459,-0.213223,0.214757
11.0188,0.016762,-0.164682,0.164682,-0.213223,0.214757
11.0356,0.016753,-0.155910,0.155910,-0.197884,0.199418
11.0523,0.016746,-0.147142,0.147142,-0.188680,0.188680
11.0691,0.016758,-0.138367,0.138367,-0.182544,0.184078
11.0858,0.016757,-0.129594,0.129594,-0.168738,0.167204
11.1026,0.016760,-0.120818,0.120818,-0.162602,0.158000
11.1193,0.016762,-0.112042,0.112042,-0.162602,0.158000
11.1361,0.016760,-0.103266,0.103266,-0.150330,0.145728
11.1530,0.016842,-0.094448,0.094448,-0.138058,0.133456
11.1697,0.016756,-0.085674,0.085674,-0.130388,0.131922
11.1866,0.016860,-0.076846,0.076846,-0.118117,0.119651
11.2033,0.016755,-0.068073,0.068073,-0.113515,0.105845
11.2201,0.016760,-0.059298,0.059298,-0.113515,0.105845
11.2368,0.016764,-0.050520,0.050520,-0.095107,0.092039
11.2536,0.016759,-0.041745,0.041745,-0.079767,0.076699
11.2704,0.016780,-0.032959,0.032959,-0.062893,0.062893
11.2871,0.016762,-0.024182,0.024182,-0.049087,0.046019
11.3040,0.016810,-0.015380,0.015380,-0.047553,0.042951
11.3207,0.016769,-0.006600,0.006600,-0.047553,0.042951
11.3375,0.016765,-0.002178,0.002178,-0.036816,0.029146
11.3543,0.016795,-0.010972,0.010972,-0.023010,0.016874
11.3711,0.016768,-0.019752,0.019752,-0.016874,0.013806
11.3879,0.016880,-0.028590,0.028590,-0.009204,0.004602
11.4047,0.016760,-0.037366,0.037366,-0.010738,0.010738
11.4215,0.016767,-0.046145,0.046145,-0.010738,0.010738
11.4382,0.016764,-0.054923,0.054923,-0.029146,0.026078
11.4550,0.016758,-0.063697,0.063697,-0.029146,0.026078
11.4717,0.016761,-0.072473,0.072473,-0.039884,0.039884
11.4886,0.016827,-0.081284,0.081284,-0.058291,0.055223
11.5053,0.016751,-0.090055,0.090055,-0.061359,0.062893
11.5221,0.016767,-0.098834,0.098834,-0.061359,0.062893
11.5388,0.016754,-0.107606,0.107606,-0.070563,0.075165
11.5556,0.016761,-0.116382,0.116382,-0.082835,0.082835
11.5724,0.016756,-0.125156,0.125156,-0.087437,0.088971
11.5891,0.016748,-0.133925,0.133925,-0.107379,0.105845
11.6059,0.016755,-0.142698,0.142698,-0.115049,0.116583
11.6226,0.016758,-0.151472,0.151472,-0.115049,0.116583
11.6394,0.016758,-0.160246,0.160246,-0.124252,0.121184
11.6561,0.016750,-0.169016,0.169016,-0.139592,0.134990
11.6729,0.016757,-0.177790,0.177790,-0.142660,0.142660
11.6899,0.017029,-0.186706,0.186706,-0.156466,0.153398
11.7068,0.016931,-0.195572,0.195572,-0.156466,0.153398
11.7236,0.016769,-0.204352,0.204352,-0.171806,0.173340
11.7404,0.016826,-0.213162,0.213162,-0.173340,0.174874
11.7574,0.016979,-0.222052,0.222052,-0.187146,0.182544
11.7742,0.016752,-0.230824,0.230824,-0.196350,0.196350
11.7909,0.016757,-0.239597,0.239597,-0.207087,0.200951
11.8080,0.017047,-0.248523,0.248523,-0.207087,0.200951
11.8247,0.016763,-0.257300,0.257300,-0.227029,0.213223
11.8415,0.016751,-0.266071,0.266071,-0.230097,0.228563
11.8583,0.016767,-0.274850,0.274850,-0.237767,0.231631
11.8750,0.016752,-0.283622,0.283622,-0.251573,0.250039
11.8918,0.016790,-0.292413,0.292413,-0.257709,0.260777
11.9086,0.016751,-0.301184,0.301184,-0.257709,0.260777
11.9256,0.017049,-0.310111,0.310111,-0.269981,0.266913
11.9424,0.016754,-0.318883,0.318883,-0.279185,0.283786
11.9591,0.016755,-0.327656,0.327656,-0.288388,0.291456
11.9763,0.017167,-0.336645,0.336645,-0.308330,0.302194
11.9931,0.016795,-0.345439,0.345439,-0.308330,0.302194
12.0098,0.016753,-0.343921,0.343921,-0.319068,0.314466
12.0266,0.016756,-0.335147,0.335147,-0.328272,0.319068
12.0435,0.016899,-0.326299,0.326299,-0.337476,0.332874
12.0602,0.016760,-0.317523,0.317523,-0.345146,0.340544
12.0770,0.016789,-0.308733,0.308733,-0.340544,0.335942
12.0939,0.016852,-0.299909,0.299909,-0.340544,0.335942
12.1106,0.016760,-0.291134,0.291134,-0.328272,0.329806
12.1274,0.016757,-0.282359,0.282359,-0.319068,0.320602
12.1442,0.016768,-0.273580,0.273580,-0.312932,0.312932
12.1609,0.016762,-0.264803,0.264803,-0.305262,0.303728
12.1777,0.016756,-0.256030,0.256030,-0.289922,0.289922
12.1945,0.016833,-0.247216,0.247216,-0.289922,0.289922
12.2113,0.016755,-0.238443,0.238443,-0.280718,0.277651
12.2280,0.016758,-0.229669,0.229669,-0.271515,0.266913
12.2451,0.017049,-0.220742,0.220742,-0.260777,0.260777
12.2618,0.016755,-0.211969,0.211969,-0.243903,0.248505
12.2787,0.016830,-0.203157,0.203157,-0.233165,0.234699
12.2955,0.016862,-0.194328,0.194328,-0.233165,0.234699
12.3123,0.016753,-0.185556,0.185556,-0.225495,0.225495
12.3291,0.016776,-0.176773,0.176773,-0.213223,0.217825
12.3458,0.016747,-0.168004,0.168004,-0.204019,0.205553
12.3626,0.016764,-0.159227,0.159227,-0.194816,0.191748
12.3793,0.016746,-0.150459,0.150459,-0.181010,0.179476
12.3961,0.016758,-0.141684,0.141684,-0.181010,0.179476
12.4128,0.016752,-0.132913,0.132913,-0.176408,0.171806
12.4296,0.016753,-0.124141,0.124141,-0.164136,0.164136
12.4463,0.016724,-0.115384,0.115384,-0.154932,0.153398
12.4631,0.016753,-0.106612,0.106612,-0.145728,0.142660
12.4798,0.016750,-0.097842,0.097842,-0.130388,0.128854
12.4965,0.016746,-0.089074,0.089074,-0.130388,0.128854
12.5133,0.016749,-0.080304,0.080304,-0.121184,0.118117
12.5300,0.016744,-0.071537,0.071537,-0.113515,0.108913
12.5468,0.016748,-0.062767,0.062767,-0.102777,0.099709
12.5635,0.016752,-0.053996,0.053996,-0.095107,0.087437
12.5803,0.016753,-0.045224,0.045224,-0.079767,0.075165
12.5970,0.016738,-0.036460,0.036460,-0.079767,0.075165
12.6138,0.016749,-0.027690,0.027690,-0.069029,0.065961
12.6305,0.016744,-0.018923,0.018923,-0.061359,0.058291
12.6473,0.016746,-0.010155,0.010155,-0.049087,0.049087
12.6640,0.016744,-0.001388,0.001388,-0.041417,0.036816
12.6809,0.016886,-0.007453,0.007453,-0.027612,0.027612
12.6976,0.016724,-0.016210,0.016210,-0.027612,0.027612
12.7144,0.016745,-0.024978,0.024978,-0.010738,0.019942
12.7311,0.016742,-0.033744,0.033744,-0.007670,0.007670
12.7479,0.016758,-0.042519,0.042519,-0.004602,0.004602
12.7646,0.016744,-0.051286,0.051286,-0.030680,0.027612
12.7816,0.016944,-0.060158,0.060158,-0.030680,0.027612
12.7983,0.016746,-0.068926,0.068926,-0.030680,0.027612
12.8151,0.016760,-0.077702,0.077702,-0.035282,0.035282
12.8318,0.016742,-0.086468,0.086468,-0.039884,0.044485
12.8486,0.016745,-0.095235,0.095235,-0.064427,0.067495
12.8653,0.016744,-0.104002,0.104002,-0.075165,0.072097
12.8821,0.016764,-0.112780,0.112780,-0.075165,0.072097
12.8988,0.016743,-0.121546,0.121546,-0.092039,0.090505
12.9155,0.016741,-0.130312,0.130312,-0.096641,0.096641
12.9323,0.016743,-0.139078,0.139078,-0.105845,0.101243
12.9492,0.016937,-0.147946,0.147946,-0.121184,0.118117
12.9660,0.016742,-0.156713,0.156713,-0.130388,0.131922
12.9836,0.017628,-0.165942,0.165942,-0.144194,0.136524
13.0003,0.016745,-0.174710,0.174710,-0.144194,0.136524
13.0171,0.016749,-0.183480,0.183480,-0.148796,0.145728
13.0338,0.016742,-0.192246,0.192246,-0.158000,0.154932
13.0506,0.016746,-0.201014,0.201014,-0.176408,0.170272
13.0673,0.016745,-0.209781,0.209781,-0.182544,0.179476
13.0841,0.016767,-0.218561,0.218561,-0.190214,0.190214
13.1008,0.016739,-0.227325,0.227325,-0.190214,0.190214
13.1176,0.016772,-0.236107,0.236107,-0.202485,0.208621
13.1343,0.016742,-0.244873,0.244873,-0.210155,0.213223
13.1511,0.016749,-0.253643,0.253643,-0.223961,0.219359
13.1678,0.016742,-0.262409,0.262409,-0.237767,0.236233
13.1847,0.016855,-0.271234,0.271234,-0.245437,0.242369
13.2014,0.016746,-0.280002,0.280002,-0.245437,0.242369
13.2181,0.016708,-0.288750,0.288750,-0.256175,0.254641
13.2349,0.016743,-0.297517,0.297517,-0.263845,0.265379
13.2520,0.017074,-0.306457,0.306457,-0.269981,0.269981
13.2687,0.016748,-0.315226,0.315226,-0.288388,0.289922
13.2866,0.017852,-0.324574,0.324574,-0.303728,0.299126
13.3036,0.017046,-0.333499,0.333499,-0.303728,0.299126
13.3204,0.016756,-0.342272,0.342272,-0.303728,0.300660
13.3371,0.016748,-0.347090,0.347090,-0.319068,0.319068
13.3539,0.016751,-0.338319,0.338319,-0.329806,0.328272
13.3706,0.016753,-0.329548,0.329548,-0.337476,0.335942
13.3874,0.016758,-0.320773,0.320773,-0.343612,0.343612
13.4051,0.017689,-0.311511,0.311511,-0.343612,0.343612
13.4218,0.016751,-0.302740,0.302740,-0.337476,0.335942
13.4386,0.016742,-0.293974,0.293974,-0.331340,0.328272
13.4553,0.016747,-0.285205,0.285205,-0.322136,0.320602
13.4720,0.016747,-0.276436,0.276436,-0.306796,0.308330
13.4888,0.016749,-0.267666,0.267666,-0.299126,0.297592
13.5055,0.016747,-0.258898,0.258898,-0.299126,0.297592
13.5223,0.016744,-0.250130,0.250130,-0.286854,0.286854
13.5390,0.016741,-0.241365,0.241365,-0.273049,0.273049
13.5558,0.016746,-0.232596,0.232596,-0.273049,0.273049
13.5725,0.016752,-0.223825,0.223825,-0.259243,0.260777
13.5893,0.016748,-0.215056,0.215056,-0.246971,0.242369
13.6073,0.018045,-0.205608,0.205608,-0.246971,0.242369
13.6241,0.016752,-0.196837,0.196837,-0.236233,0.239301
13.6408,0.016743,-0.188070,0.188070,-0.222427,0.225495
13.6576,0.016748,-0.179301,0.179301,-0.217825,0.217825
13.6743,0.016749,-0.170531,0.170531,-0.213223,0.208621
13.6912,0.016844,-0.161712,0.161712,-0.194816,0.196350
13.7079,0.016747,-0.152943,0.152943,-0.194816,0.196350
13.7247,0.016753,-0.144171,0.144171,-0.185612,0.185612
13.7414,0.016745,-0.135403,0.135403,-0.176408,0.173340
13.7583,0.016868,-0.126572,0.126572,-0.164136,0.161068
13.7750,0.016740,-0.117806,0.117806,-0.148796,0.151864
13.7918,0.016820,-0.108999,0.108999,-0.141126,0.141126
13.8086,0.016749,-0.100230,0.100230,-0.141126,0.141126
13.8253,0.016751,-0.091459,0.091459,-0.131922,0.131922
13.8421,0.016743,-0.082693,0.082693,-0.118117,0.119651
13.8588,0.016746,-0.073924,0.073924,-0.108913,0.107379
13.8756,0.016750,-0.065154,0.065154,-0.102777,0.105845
13.8923,0.016782,-0.056367,0.056367,-0.088971,0.090505
13.9091,0.016749,-0.047597,0.047597,-0.088971,0.090505
13.9258,0.016752,-0.038826,0.038826,-0.076699,0.076699
13.9426,0.016749,-0.030056,0.030056,-0.069029,0.072097
13.9594,0.016766,-0.021278,0.021278,-0.058291,0.061359
13.9761,0.016745,-0.012510,0.012510,-0.046019,0.044485
13.9929,0.016745,-0.003742,0.003742,-0.035282,0.035282
14.0096,0.016751,-0.005029,0.005029,-0.035282,0.035282
14.0264,0.016756,-0.013802,0.013802,-0.023010,0.026078
14.0431,0.016752,-0.022574,0.022574,-0.015340,0.015340
14.0599,0.016778,-0.031359,0.031359,-0.007670,0.004602
14.0771,0.017180,-0.040354,0.040354,-0.003068,0.007670
14.0938,0.016766,-0.049133,0.049133,-0.018408,0.019942
14.1106,0.016748,-0.057902,0.057902,-0.018408,0.019942
14.1273,0.016749,-0.066672,0.066672,-0.027612,0.027612
14.1441,0.016745,-0.075440,0.075440,-0.030680,0.033748
14.1609,0.016780,-0.084226,0.084226,-0.050621,0.050621
14.1778,0.016914,-0.093082,0.093082,-0.058291,0.058291
14.1948,0.017069,-0.102019,0.102019,-0.067495,0.070563
14.2117,0.016859,-0.110846,0.110846,-0.067495,0.070563
14.2285,0.016749,-0.119616,0.119616,-0.082835,0.087437
14.2452,0.016742,-0.128383,0.128383,-0.085903,0.090505
14.2619,0.016745,-0.137150,0.137150,-0.095107,0.096641
14.2787,0.016749,-0.145920,0.145920,-0.113515,0.118117
14.2955,0.016797,-0.154715,0.154715,-0.122718,0.127320
14.3122,0.016746,-0.163483,0.163483,-0.122718,0.127320
14.3290,0.016750,-0.172253,0.172253,-0.134990,0.130388
14.3457,0.016746,-0.181021,0.181021,-0.142660,0.145728
14.3625,0.016748,-0.189790,0.189790,-0.150330,0.153398
14.3792,0.016748,-0.198560,0.198560,-0.165670,0.164136
14.3960,0.016748,-0.207329,0.207329,-0.179476,0.181010
14.4127,0.016741,-0.216095,0.216095,-0.179476,0.181010
14.4295,0.016751,-0.224865,0.224865,-0.187146,0.185612
14.4462,0.016747,-0.233634,0.233634,-0.200951,0.196350
14.4630,0.016744,-0.242401,0.242401,-0.207087,0.205553
14.4797,0.016750,-0.251172,0.251172,-0.214757,0.211689
14.4965,0.016782,-0.259958,0.259958,-0.233165,0.228563
14.5132,0.016744,-0.268726,0.268726,-0.233165,0.228563
14.5300,0.016751,-0.277497,0.277497,-0.240835,0.242369
14.5467,0.016744,-0.286264,0.286264,-0.245437,0.242369
14.5636,0.016902,-0.295114,0.295114,-0.259243,0.259243
14.5804,0.016744,-0.303881,0.303881,-0.266913,0.268447
14.5974,0.017013,-0.312789,0.312789,-0.279185,0.273049
14.6141,0.016748,-0.321558,0.321558,-0.279185,0.273049
14.6309,0.016740,-0.330323,0.330323,-0.288388,0.289922
14.6476,0.016742,-0.339089,0.339089,-0.299126,0.299126
14.6644,0.016741,-0.347855,0.347855,-0.314466,0.305262
14.6811,0.016744,-0.341509,0.341509,-0.323670,0.320602
14.6980,0.016870,-0.332676,0.332676,-0.335942,0.329806
14.7147,0.016744,-0.323909,0.323909,-0.335942,0.329806
14.7315,0.016743,-0.315142,0.315142,-0.345146,0.348214
14.7482,0.016741,-0.306377,0.306377,-0.343612,0.343612
14.7649,0.016748,-0.297607,0.297607,-0.337476,0.331340
14.7817,0.016747,-0.288839,0.288839,-0.322136,0.326738
14.7985,0.016765,-0.280061,0.280061,-0.314466,0.314466
14.8152,0.016741,-0.271295,0.271295,-0.314466,0.314466
14.8319,0.016741,-0.262529,0.262529,-0.305262,0.305262
14.8487,0.016753,-0.253758,0.253758,-0.296058,0.296058
14.8654,0.016753,-0.244986,0.244986,-0.283786,0.285320
14.8822,0.016742,-0.236220,0.236220,-0.271515,0.274583
14.8990,0.016822,-0.227412,0.227412,-0.271515,0.274583
14.9158,0.016748,-0.218643,0.218643,-0.262311,0.262311
14.9325,0.016753,-0.209871,0.209871,-0.248505,0.250039
14.9493,0.016744,-0.201104,0.201104,-0.230097,0.230097
14.9660,0.016750,-0.192333,0.192333,-0.217825,0.217825
14.9828,0.016752,-0.183562,0.183562,-0.210155,0.211689
14.9995,0.016751,-0.174791,0.174791,-0.210155,0.211689
